r;b;swpd;free;buff;cache;si;so;bi;bo;in;cs;us;sy;id;wa;st;gu
0;0;12;73488;27808;636384;0;0;10;8;130;0;0;4;95;0;0;0
0;0;12;73488;27808;636388;0;0;0;0;141;73;0;0;100;0;0;0
0;0;12;73488;27808;636388;0;0;0;0;38;64;0;0;100;0;0;0
0;0;12;73488;27808;636388;0;0;0;0;40;69;0;0;100;0;0;0
0;0;12;73488;27808;636388;0;0;0;0;38;56;0;2;98;0;0;0
0;0;12;73488;27808;636388;0;0;0;0;56;79;0;1;99;0;0;0
0;0;12;73488;27816;636388;0;0;0;32;40;69;0;0;100;0;0;0
0;0;12;73488;27816;636388;0;0;0;0;52;84;1;0;99;0;0;0
0;0;12;73488;27816;636388;0;0;0;0;32;60;0;0;100;0;0;0
0;0;12;73488;27816;636388;0;0;0;0;39;64;0;0;100;0;0;0
0;0;12;73488;27816;636388;0;0;0;0;28;53;0;0;100;0;0;0
0;0;12;73488;27824;636388;0;0;0;20;51;89;0;1;99;0;0;0
0;0;12;73488;27824;636388;0;0;0;4;52;82;0;0;100;0;0;0
0;0;12;73488;27824;636388;0;0;0;0;40;68;0;0;100;0;0;0
2;0;12;76544;27824;636392;0;0;0;0;568;160;0;41;59;0;0;0
2;0;12;75256;27824;636392;0;0;0;0;1157;388;0;98;2;0;0;0
4;0;12;76268;27824;636392;0;0;0;0;1244;455;1;99;0;0;0;0
5;0;12;74544;27832;636396;0;0;0;16;1231;643;0;100;0;0;0;0
6;0;12;74060;27832;636400;0;0;0;4;1293;674;1;99;0;0;0;0
5;0;12;74200;27832;636400;0;0;0;0;1277;710;0;100;0;0;0;0
5;0;12;73328;27832;636400;0;0;0;12;1245;592;0;96;4;0;0;0
8;0;12;73568;27832;636400;0;0;0;0;1312;644;0;100;0;0;0;0
6;0;12;74916;27840;636404;0;0;0;32;1279;654;1;99;0;0;0;0
2;0;12;75532;27840;636404;0;0;0;0;1263;499;0;91;9;0;0;0
1;0;12;76648;27840;636404;0;0;0;4;943;275;0;62;38;0;0;0
1;0;12;75972;27840;636408;0;0;0;12;993;325;0;63;37;0;0;0
4;0;12;75916;27840;636408;0;0;0;0;1083;314;0;73;27;0;0;0
4;0;12;74656;27848;636408;0;0;0;28;1382;476;1;99;0;0;0;0
5;0;12;75828;27848;636408;0;0;0;0;1354;599;0;100;0;0;0;0
0;12;72412;27848;636412;0;0;0;0;1286;647;1;99;0;0;0;0;
0;12;70008;27848;636412;0;0;0;12;1318;656;0;100;0;0;0;0;
0;12;72080;27848;636412;0;0;0;0;1282;672;0;100;0;0;0;0;
0;12;71104;27856;636416;0;0;0;28;1293;659;0;100;0;0;0;0;
0;12;72484;27856;636416;0;0;0;0;1291;642;0;100;0;0;0;0;
0;12;70736;27856;636416;0;0;0;0;1254;682;1;99;0;0;0;0;
0;12;70980;27856;636416;0;0;0;8;1291;698;0;100;0;0;0;0;
0;12;70836;27856;636416;0;0;0;24;1289;674;1;99;0;0;0;0;
0;12;71500;27864;636420;0;0;0;28;1268;693;0;100;0;0;0;0;
0;12;73472;27864;636420;0;0;0;0;1264;680;1;99;0;0;0;0;
0;12;72220;27864;636420;0;0;0;0;1263;671;0;100;0;0;0;0;
0;12;73712;27864;636424;0;0;0;0;1295;695;0;100;0;0;0;0;
6;0;12;72708;27864;636424;0;0;0;12;1258;667;1;99;0;0;0;0
0;12;73476;27872;636424;0;0;0;32;1309;716;0;100;0;0;0;0;
5;0;12;74160;27872;636428;0;0;0;0;1304;674;0;100;0;0;0;0
1;0;12;76200;27872;636428;0;0;0;0;1220;500;1;90;9;0;0;0
0;0;12;76784;27872;636428;0;0;0;0;757;182;0;47;53;0;0;0
2;0;12;76648;27872;636432;0;0;0;12;1093;339;0;75;25;0;0;0
1;0;12;75904;27880;636436;0;0;0;28;1139;322;0;78;22;0;0;0
4;0;12;74788;27880;636436;0;0;0;8;1327;557;1;99;0;0;0;0
7;0;12;75484;27880;636436;0;0;0;0;1334;574;0;100;0;0;0;0
5;0;12;73880;27880;636440;0;0;0;0;1284;605;0;100;0;0;0;0
3;0;12;76012;27880;636440;0;0;0;8;1279;655;0;100;0;0;0;0
1;0;12;76784;27888;636440;0;0;0;32;1293;496;1;99;0;0;0;0
3;0;12;76188;27888;636440;0;0;0;0;1133;384;0;82;18;0;0;0
1;0;12;76532;27888;636444;0;0;0;4;1082;397;1;70;28;0;0;0
4;0;12;75504;27888;636444;0;0;0;0;1029;416;0;70;30;0;0;0
7;0;12;74800;27888;636444;0;0;0;8;1351;545;0;100;0;0;0;0
8;0;12;73776;27896;636444;0;0;0;28;1321;615;1;99;0;0;0;0
0;12;69708;27896;636448;0;0;0;0;1273;594;0;100;0;0;0;0;
0;12;71436;27896;636448;0;0;0;0;1271;690;0;100;0;0;0;0;
0;12;70820;27896;636448;0;0;0;4;1297;667;1;99;0;0;0;0;
0;12;70400;27896;636448;0;0;0;12;1246;694;0;100;0;0;0;0;
0;12;69224;27904;636452;0;0;0;28;1277;676;0;100;0;0;0;0;
0;12;71304;27904;636452;0;0;0;0;1284;708;1;99;0;0;0;0;
0;12;71536;27904;636456;0;0;0;0;1297;684;0;100;0;0;0;0;
0;12;74684;27904;636456;0;0;0;0;1243;681;1;99;0;0;0;0;
9;0;12;71792;27904;636456;0;0;0;4;1297;711;0;100;0;0;0;0
9;0;12;72064;27912;636460;0;0;0;36;1285;696;0;100;0;0;0;0
0;12;71560;27912;636464;0;0;0;16;1307;676;1;99;0;0;0;0;
0;12;70820;27912;636464;0;0;0;0;1287;645;0;100;0;0;0;0;
0;12;71084;27912;636464;0;0;0;0;1261;679;0;100;0;0;0;0;
0;12;69568;27912;636464;0;0;0;0;1313;671;0;100;0;0;0;0;
0;12;69788;27920;636456;0;0;0;40;1254;662;1;99;0;0;0;0;
0;12;71724;27920;636468;0;0;0;0;1305;706;0;100;0;0;0;0;
8;0;12;73208;27920;636468;0;0;0;0;1287;710;0;100;0;0;0;0
0;12;72660;27920;636472;0;0;0;0;1324;707;1;99;0;0;0;0;
0;12;71328;27920;636472;0;0;0;0;1330;653;0;100;0;0;0;0;
8;0;12;72728;27928;636464;0;0;0;40;1315;667;0;100;0;0;0;0
1;0;12;76488;27928;636476;0;0;0;4;1330;587;1;99;0;0;0;0
2;0;12;75840;27928;636476;0;0;0;0;1299;433;0;100;0;0;0;0
1;0;12;76396;27928;636476;0;0;0;0;961;339;0;70;30;0;0;0
1;0;12;76264;27928;636476;0;0;0;0;984;298;0;79;21;0;0;0
0;12;74768;27936;636468;0;0;0;36;713;299;2;83;15;0;0;0;
0;12;71500;27936;636480;0;0;0;0;1217;505;1;99;0;0;0;0;
0;12;69216;27936;636480;0;0;0;4;1148;551;0;100;0;0;0;0;
0;12;71476;27936;636480;0;0;0;0;1229;532;0;100;0;0;0;0;
0;12;68012;27936;636480;0;0;0;0;1119;513;0;100;0;0;0;0;
0;12;69540;27936;636484;0;0;0;0;1217;520;0;100;0;0;0;0;
0;12;72476;27944;636484;0;0;0;32;1163;493;0;100;0;0;0;0;
0;12;71152;27944;636484;0;0;0;0;1443;543;1;99;0;0;0;0;
0;12;68952;27944;636484;0;0;0;4;1472;598;0;100;0;0;0;0;
0;12;67436;27944;636488;0;0;0;0;1503;581;0;100;0;0;0;0;
0;12;69012;27944;636488;0;0;0;0;1428;607;0;100;0;0;0;0;
0;12;70408;27952;636488;0;0;0;32;1387;630;1;99;0;0;0;0;
0;12;67800;27952;636492;0;0;0;8;1407;621;0;100;0;0;0;0;
0;12;66928;27952;636496;0;0;0;0;1323;672;1;99;0;0;0;0;
0;12;68508;27952;636496;0;0;0;8;1393;687;0;100;0;0;0;0;
0;12;71012;27952;636500;0;0;0;0;1375;651;0;100;0;0;0;0;
0;12;69768;27960;636500;0;0;0;32;1376;670;0;100;0;0;0;0;
0;12;71872;27960;636500;0;0;0;12;1358;718;1;99;0;0;0;0;
6;0;12;72796;27960;636504;0;0;0;0;1335;666;0;100;0;0;0;0
2;0;12;76516;27960;636504;0;0;0;0;1223;525;0;85;15;0;0;0
4;0;12;74292;27960;636504;0;0;0;4;1220;408;0;91;9;0;0;0
0;0;12;76580;27968;636508;0;0;0;52;912;227;0;57;43;0;0;0
4;0;12;76280;27968;636508;0;0;0;12;980;283;1;62;36;0;0;0
2;0;12;75188;27968;636508;0;0;0;0;1359;524;0;99;1;0;0;0
6;0;12;74360;27968;636508;0;0;0;0;1375;463;0;100;0;0;0;0
9;0;12;72956;27968;636508;0;0;0;0;1298;614;1;99;0;0;0;0
0;12;68784;27976;636512;0;0;0;32;1280;639;0;100;0;0;0;0;
0;12;70892;27976;636512;0;0;0;8;1311;694;0;100;0;0;0;0;
0;12;72768;27976;636512;0;0;0;0;1248;667;0;100;0;0;0;0;
0;12;70072;27976;636512;0;0;0;0;1303;666;0;100;0;0;0;0;
0;12;71628;27976;636516;0;0;0;0;1303;674;1;99;0;0;0;0;
0;12;70644;27984;636508;0;0;0;28;1316;711;0;100;0;0;0;0;
0;12;70024;27984;636516;0;0;0;12;1308;712;0;100;0;0;0;0;
0;12;68948;27984;636520;0;0;0;0;1272;683;0;100;0;0;0;0;
0;12;73252;27984;636520;0;0;0;0;1292;697;0;100;0;0;0;0;
9;0;12;73784;27984;636520;0;0;0;0;1276;671;1;99;0;0;0;0
0;12;72724;27984;636524;0;0;0;0;1286;722;0;100;0;0;0;0;
8;0;12;73240;27992;636524;0;0;0;40;1315;704;0;100;0;0;0;0
5;0;12;73968;27992;636524;0;0;0;4;1278;664;1;99;0;0;0;0
2;0;12;75952;27992;636528;0;0;0;0;1323;663;0;100;0;0;0;0
2;0;12;76104;27992;636528;0;0;0;0;1311;475;1;99;0;0;0;0
1;0;12;76368;27992;636528;0;0;0;0;1096;376;0;77;23;0;0;0
2;0;12;75024;28000;636532;0;0;0;36;1142;322;0;75;25;0;0;0
1;0;12;75904;28000;636536;0;0;0;0;1144;327;0;75;25;0;0;0
3;0;12;75800;28000;636536;0;0;0;4;1266;447;1;86;13;0;0;0
6;0;12;72536;28000;636536;0;0;0;0;1397;550;0;100;0;0;0;0
9;0;12;73020;28000;636536;0;0;0;0;1320;616;0;100;0;0;0;0
0;12;72032;28008;636540;0;0;0;40;1303;683;1;99;0;0;0;0;
7;0;12;73864;28008;636540;0;0;0;0;1300;722;0;100;0;0;0;0
4;0;12;75356;28008;636540;0;0;0;0;1320;706;0;100;0;0;0;0
0;0;12;76756;28008;636544;0;0;0;4;1169;485;0;90;10;0;0;0
3;0;12;74848;28008;636544;0;0;0;0;765;307;0;49;51;0;0;0
4;0;12;74932;28016;636544;0;0;0;36;1329;560;1;99;0;0;0;0
5;0;12;74692;28016;636544;0;0;0;0;1195;402;0;86;14;0;0;0
6;0;12;75620;28016;636548;0;0;0;0;1278;603;0;100;0;0;0;0
0;12;71420;28016;636548;0;0;0;0;1380;602;1;99;0;0;0;0;
0;12;72240;28016;636548;0;0;0;4;1293;597;0;100;0;0;0;0;
0;12;71500;28024;636548;0;0;0;40;1287;680;0;100;0;0;0;0;
0;12;73512;28024;636552;0;0;0;12;1267;663;0;100;0;0;0;0;
0;12;70460;28024;636552;0;0;0;0;1348;648;0;100;0;0;0;0;
0;12;70452;28024;636552;0;0;0;0;1409;649;1;99;0;0;0;0;
0;12;71180;28024;636552;0;0;0;0;1392;617;0;100;0;0;0;0;
0;12;71336;28032;636560;0;0;0;36;1442;637;0;100;0;0;0;0;
9;0;12;73032;28032;636560;0;0;0;8;1418;624;0;100;0;0;0;0
0;12;73568;28032;636560;0;0;0;0;1343;634;0;100;0;0;0;0;
0;0;12;76492;28032;636564;0;0;0;0;1175;568;0;84;16;0;0;0
0;0;12;76712;28032;636564;0;0;0;0;842;316;1;50;49;0;0;0
1;0;12;75836;28040;636564;0;0;0;32;1031;280;0;67;33;0;0;0
7;0;12;73432;28040;636568;0;0;0;4;1032;276;0;64;36;0;0;0
2;0;12;76212;28040;636568;0;0;0;12;1227;472;0;80;20;0;0;0
0;0;12;76476;28040;636568;0;0;0;0;1289;451;1;88;10;0;0;0
0;0;12;76476;28040;636568;0;0;0;0;1024;253;0;67;33;0;0;0
4;0;12;75064;28048;636572;0;0;0;28;1368;537;1;94;5;0;0;0
8;0;12;72636;28048;636572;0;0;0;0;1358;579;0;100;0;0;0;0
5;0;12;75188;28048;636572;0;0;0;12;1318;611;0;100;0;0;0;0
7;0;12;71876;28048;636572;0;0;0;0;1322;638;0;100;0;0;0;0
0;12;71204;28048;636576;0;0;0;0;1342;647;1;99;0;0;0;0;
0;12;70320;28056;636568;0;0;0;32;1340;678;0;100;0;0;0;0;
0;12;69732;28056;636576;0;0;0;0;1295;658;0;100;0;0;0;0;
0;12;67428;28056;636576;0;0;0;8;1315;659;0;100;0;0;0;0;
0;12;68264;28056;636580;0;0;0;4;1297;667;0;100;0;0;0;0;
0;12;68692;28056;636580;0;0;0;0;1351;679;1;99;0;0;0;0;
0;12;71360;28056;636580;0;0;0;0;1301;674;0;100;0;0;0;0;
0;12;69844;28064;636584;0;0;0;28;1356;710;1;99;0;0;0;0;
0;12;71408;28064;636584;0;0;0;0;1222;636;0;100;0;0;0;0;
8;0;12;75008;28064;636584;0;0;0;12;1256;699;1;99;0;0;0;0
3;0;12;75176;28064;636588;0;0;0;4;1339;696;0;100;0;0;0;0
3;0;12;75188;28064;636588;0;0;0;0;1178;535;0;86;14;0;0;0
3;0;12;75960;28072;636588;0;0;0;28;1329;645;0;100;0;0;0;0
9;0;12;71876;28072;636588;0;0;0;0;1336;531;0;100;0;0;0;0
7;0;12;73812;28072;636592;0;0;0;12;1323;664;1;99;0;0;0;0
4;0;12;74600;28072;636592;0;0;0;0;1319;677;0;100;0;0;0;0
4;0;12;74604;28072;636592;0;0;0;12;842;341;0;54;46;0;0;0
0;0;12;76472;28080;636596;0;0;0;28;1175;502;0;84;16;0;0;0
2;0;12;75668;28080;636596;0;0;0;0;1085;295;1;72;27;0;0;0
0;0;12;76408;28080;636596;0;0;0;8;1010;234;0;67;33;0;0;0
1;0;12;75756;28080;636596;0;0;0;0;1248;388;0;84;16;0;0;0
3;0;12;75820;28080;636600;0;0;0;0;955;233;1;58;41;0;0;0
1;0;12;75528;28088;636604;0;0;0;32;852;311;0;54;46;0;0;0
0;0;12;76396;28088;636604;0;0;0;0;999;237;0;61;39;0;0;0
0;0;12;76392;28088;636608;0;0;0;12;906;198;0;53;47;0;0;0
4;0;12;73904;28088;636608;0;0;0;0;1236;439;0;84;16;0;0;0
6;0;12;73580;28088;636608;0;0;0;0;1395;626;1;99;0;0;0;0
0;12;71988;28096;636600;0;0;0;28;1328;622;0;100;0;0;0;0;
0;12;69812;28096;636608;0;0;0;4;1306;696;1;99;0;0;0;0;
0;12;70004;28096;636612;0;0;0;8;1295;695;0;100;0;0;0;0;
0;12;70672;28096;636612;0;0;0;0;1215;662;1;99;0;0;0;0;
0;12;70972;28096;636612;0;0;0;0;1310;684;0;100;0;0;0;0;
0;12;71356;28104;636608;0;0;0;28;1280;700;0;100;0;0;0;0;
0;12;70692;28104;636616;0;0;0;0;1292;708;0;100;0;0;0;0;
0;12;70520;28104;636620;0;0;0;16;1290;707;0;100;0;0;0;0;
0;12;69848;28104;636620;0;0;0;0;1301;684;1;99;0;0;0;0;
0;12;69752;28104;636624;0;0;0;0;1291;679;0;100;0;0;0;0;
0;12;72744;28104;636624;0;0;0;0;1274;669;0;100;0;0;0;0;
0;12;70056;28112;636624;0;0;0;32;1304;697;1;99;0;0;0;0;
0;12;70408;28112;636628;0;0;0;12;1364;645;0;100;0;0;0;0;
0;12;67764;28112;636628;0;0;0;4;1431;626;0;100;0;0;0;0;
0;12;69116;28112;636628;0;0;0;0;1392;641;0;100;0;0;0;0;
0;12;69496;28112;636628;0;0;0;0;1481;628;1;99;0;0;0;0;
0;12;70080;28120;636632;0;0;0;28;1441;617;0;100;0;0;0;0;
0;12;71428;28120;636632;0;0;0;0;1314;637;0;100;0;0;0;0;
0;12;69996;28120;636632;0;0;0;8;1467;640;1;99;0;0;0;0;
0;12;71848;28120;636636;0;0;0;4;1364;634;0;100;0;0;0;0;
0;12;71116;28120;636636;0;0;0;4;1410;686;0;100;0;0;0;0;
0;12;69792;28128;636636;0;0;0;28;1461;629;1;99;0;0;0;0;
0;12;70804;28128;636636;0;0;0;0;1459;631;0;100;0;0;0;0;
0;12;70992;28128;636640;0;0;0;12;1459;602;0;100;0;0;0;0;
0;12;70552;28128;636640;0;0;0;0;1356;636;0;100;0;0;0;0;
0;12;69396;28128;636640;0;0;0;4;1410;679;0;100;0;0;0;0;
0;12;68188;28136;636636;0;0;0;28;1352;647;0;100;0;0;0;0;
0;12;72436;28136;636644;0;0;0;0;1371;679;1;99;0;0;0;0;
0;12;69612;28136;636644;0;0;0;0;1363;634;1;99;0;0;0;0;
7;0;12;73208;28136;636648;0;0;0;8;1326;683;1;99;0;0;0;0
6;0;12;75392;28136;636648;0;0;0;0;1305;651;0;100;0;0;0;0
0;12;71316;28144;636640;0;0;0;32;1354;671;0;100;0;0;0;0;
8;0;12;73772;28144;636648;0;0;0;0;1342;628;0;100;0;0;0;0
9;0;12;71760;28144;636652;0;0;0;0;1309;659;1;99;0;0;0;0
0;12;72184;28144;636652;0;0;0;12;1329;667;0;100;0;0;0;0;
0;12;69372;28144;636652;0;0;0;0;1344;634;0;100;0;0;0;0;
0;12;68620;28144;636652;0;0;0;0;1353;693;0;100;0;0;0;0;
0;12;67540;28152;636656;0;0;0;32;1327;682;1;99;0;0;0;0;
0;12;69908;28152;636656;0;0;0;0;1371;664;0;100;0;0;0;0;
0;12;67264;28152;636656;0;0;0;8;1321;664;0;100;0;0;0;0;
0;12;68824;28152;636656;0;0;0;0;1386;693;0;100;0;0;0;0;
0;12;72240;28152;636660;0;0;0;0;1420;696;0;100;0;0;0;0;
6;0;12;73320;28160;636660;0;0;0;28;1348;721;1;99;0;0;0;0
6;0;12;73720;28160;636660;0;0;0;4;1439;677;0;100;0;0;0;0
4;0;12;74768;28160;636664;0;0;0;12;1370;661;0;100;0;0;0;0
2;0;12;75772;28160;636664;0;0;0;0;1362;619;0;100;0;0;0;0
1;0;12;75812;28160;636664;0;0;0;0;761;214;0;49;51;0;0;0
4;0;12;74884;28168;636664;0;0;0;32;1240;516;1;85;14;0;0;0
4;0;12;75388;28168;636668;0;0;0;4;1024;335;0;64;36;0;0;0
0;0;12;76252;28168;636668;0;0;0;0;1070;453;0;73;27;0;0;0
6;0;12;75000;28168;636668;0;0;0;8;862;230;0;50;50;0;0;0
2;0;12;75152;28168;636672;0;0;0;0;1260;456;0;91;9;0;0;0
6;0;12;74036;28176;636676;0;0;0;52;1331;506;1;93;5;0;0;0
2;0;12;75436;28176;636676;0;0;0;0;1331;519;0;96;4;0;0;0
6;0;12;74580;28176;636676;0;0;0;4;1365;584;0;100;0;0;0;0
0;12;69408;28176;636680;0;0;0;12;1284;605;0;100;0;0;0;0;
0;12;71644;28176;636684;0;0;0;0;1336;658;0;100;0;0;0;0;
0;12;70848;28184;636684;0;0;0;28;1298;681;0;100;0;0;0;0;
0;12;72048;28184;636684;0;0;0;0;1290;682;0;100;0;0;0;0;
9;0;12;73628;28184;636688;0;0;0;0;1326;716;1;99;0;0;0;0
0;12;72992;28184;636688;0;0;0;16;1344;661;0;100;0;0;0;0;
8;0;12;72728;28184;636688;0;0;0;0;1328;687;0;100;0;0;0;0
8;0;12;73112;28192;636692;0;0;0;32;1265;698;0;100;0;0;0;0
1;0;12;75468;28192;636692;0;0;0;0;1338;656;1;99;0;0;0;0
1;0;12;76100;28192;636692;0;0;0;0;1103;383;0;78;22;0;0;0
3;0;12;74616;28192;636696;0;0;0;12;774;184;0;47;53;0;0;0
2;0;12;75036;28192;636696;0;0;0;4;901;267;0;56;44;0;0;0
0;0;12;76220;28200;636696;0;0;0;28;1283;408;1;85;14;0;0;0
2;0;12;75500;28200;636696;0;0;0;0;1215;524;0;88;12;0;0;0
7;0;12;73668;28200;636700;0;0;0;0;1369;590;0;100;0;0;0;0
0;12;72608;28200;636700;0;0;0;0;1301;620;0;100;0;0;0;0;
0;12;68340;28200;636700;0;0;0;8;1314;679;1;99;0;0;0;0;
0;12;70076;28208;636692;0;0;0;32;1307;694;0;100;0;0;0;0;
0;12;71404;28208;636700;0;0;0;0;1366;691;0;100;0;0;0;0;
9;0;12;73444;28208;636704;0;0;0;0;1384;675;0;100;0;0;0;0
9;0;12;71840;28208;636704;0;0;0;0;1422;626;1;99;0;0;0;0
5;0;12;74244;28208;636708;0;0;0;0;1492;621;0;100;0;0;0;0
1;0;12;75264;28216;636708;0;0;0;40;1277;611;0;93;7;0;0;0
1;0;12;75712;28216;636708;0;0;0;4;722;157;0;42;58;0;0;0
0;0;12;75296;28216;636712;0;0;0;0;944;287;1;57;42;0;0;0
3;0;12;75500;28216;636712;0;0;0;0;776;239;0;44;56;0;0;0
0;0;12;76188;28216;636712;0;0;0;0;1290;520;0;90;10;0;0;0
1;0;12;75032;28224;636712;0;0;0;36;1284;446;0;86;14;0;0;0
4;0;12;74420;28224;636716;0;0;0;0;1035;349;0;65;35;0;0;0
2;0;12;75496;28224;636716;0;0;0;4;1345;566;1;94;5;0;0;0
5;0;12;74980;28224;636716;0;0;0;0;1323;527;0;97;3;0;0;0
3;0;12;74336;28224;636720;0;0;0;0;1223;433;0;83;18;0;0;0
4;0;12;74892;28232;636712;0;0;0;60;1302;545;0;100;0;0;0;0
0;12;74036;28232;636720;0;0;0;0;1348;574;0;100;0;0;0;0;
0;12;71404;28232;636720;0;0;0;0;1213;593;1;99;0;0;0;0;
0;12;70488;28232;636720;0;0;0;4;1247;595;1;99;0;0;0;0;
0;12;69896;28232;636724;0;0;0;0;1284;648;0;100;0;0;0;0;
0;12;70044;28240;636716;0;0;0;36;1292;639;0;100;0;0;0;0;
0;12;70960;28240;636724;0;0;0;0;1288;674;0;100;0;0;0;0;
0;12;70832;28240;636724;0;0;0;0;1272;693;1;99;0;0;0;0;
0;12;70852;28240;636728;0;0;0;0;1307;676;0;100;0;0;0;0;
0;12;72412;28240;636728;0;0;0;4;1298;701;0;100;0;0;0;0;
0;12;69824;28248;636720;0;0;0;20;1302;700;0;100;0;0;0;0;
0;12;70208;28248;636732;0;0;0;12;1312;712;1;99;0;0;0;0;
7;0;12;74516;28248;636732;0;0;0;0;1274;692;0;100;0;0;0;0
3;0;12;75352;28248;636736;0;0;0;0;1281;669;0;96;4;0;0;0
4;0;12;74832;28248;636736;0;0;0;0;1296;630;1;99;0;0;0;0
1;0;12;75908;28248;636736;0;0;0;4;642;174;0;37;63;0;0;0
4;0;12;74120;28256;636736;0;0;0;36;1371;595;0;100;0;0;0;0
2;0;12;74884;28256;636740;0;0;0;0;965;399;0;62;38;0;0;0
0;0;12;76084;28256;636744;0;0;0;0;840;233;0;56;44;0;0;0
1;0;12;75572;28256;636744;0;0;0;0;1135;362;1;78;20;0;0;0
3;0;12;74944;28256;636744;0;0;0;0;900;244;0;54;46;0;0;0
0;0;12;76068;28264;636752;0;0;0;48;1094;388;0;73;28;0;0;0
7;0;12;73616;28264;636752;0;0;0;0;1173;386;0;84;16;0;0;0
7;0;12;73360;28264;636752;0;0;0;0;1291;505;1;91;8;0;0;0
5;0;12;74216;28264;636752;0;0;0;0;1276;626;0;100;0;0;0;0
9;0;12;73056;28264;636756;0;0;0;0;1308;569;0;95;5;0;0;0
4;0;12;74404;28272;636756;0;0;0;44;1133;459;0;81;19;0;0;0
6;0;12;73096;28272;636756;0;0;0;4;1298;603;1;99;0;0;0;0
5;0;12;71944;28272;636760;0;0;0;0;1204;446;0;89;11;0;0;0
5;0;12;74072;28272;636760;0;0;0;0;1294;594;0;100;0;0;0;0
6;0;12;73188;28272;636760;0;0;0;0;1342;608;0;100;0;0;0;0
0;0;12;76072;28280;636764;0;0;0;28;1278;612;1;97;1;0;0;0
6;0;12;73720;28280;636764;0;0;0;12;1215;539;0;88;12;0;0;0
4;0;12;73656;28280;636764;0;0;0;4;995;444;1;63;35;0;0;0
5;0;12;74660;28280;636764;0;0;0;0;1340;608;0;100;0;0;0;0
6;0;12;72156;28280;636768;0;0;0;0;1140;436;1;76;23;0;0;0
6;0;12;74256;28288;636760;0;0;0;56;1338;621;0;100;0;0;0;0
0;12;70052;28288;636768;0;0;0;8;1353;656;0;100;0;0;0;0;
0;12;68904;28288;636768;0;0;0;0;1299;696;0;100;0;0;0;0;
0;12;70656;28288;636768;0;0;0;4;1257;650;0;100;0;0;0;0;
0;12;67344;28288;636768;0;0;0;0;1316;681;0;100;0;0;0;0;
2;0;12;74828;28296;636764;0;0;0;28;1331;787;1;99;0;0;0;0
1;0;12;75152;28296;636772;0;0;0;8;1015;215;0;68;32;0;0;0
2;0;12;75168;28296;636776;0;0;0;0;1020;334;0;67;33;0;0;0
1;0;12;76040;28296;636776;0;0;0;0;1325;644;1;99;0;0;0;0
0;0;12;76364;28296;636776;0;0;0;4;717;252;0;43;57;0;0;0
2;0;12;75200;28304;636768;0;0;0;32;1323;521;1;97;1;0;0;0
1;0;12;75996;28304;636780;0;0;0;0;1017;278;0;66;34;0;0;0
6;0;12;74304;28304;636780;0;0;0;12;1344;572;0;100;0;0;0;0
8;0;12;70888;28304;636780;0;0;0;0;1303;614;0;100;0;0;0;0
4;0;12;73608;28304;636780;0;0;0;0;1317;675;1;99;0;0;0;0
4;0;12;74004;28312;636776;0;0;0;32;1269;537;0;96;4;0;0;0
8;0;12;72544;28312;636784;0;0;0;0;1331;591;0;100;0;0;0;0
7;0;12;72964;28312;636784;0;0;0;8;1328;631;1;99;0;0;0;0
6;0;12;73160;28312;636784;0;0;0;0;1301;669;0;100;0;0;0;0
3;0;12;74620;28312;636788;0;0;0;0;1301;639;0;95;5;0;0;0
4;0;12;73436;28312;636788;0;0;0;0;1344;643;1;99;0;0;0;0
0;0;12;76004;28320;636792;0;0;0;32;735;225;0;43;57;0;0;0
2;0;12;74212;28320;636792;0;0;0;0;605;167;1;33;66;0;0;0
1;0;12;75464;28320;636792;0;0;0;12;1083;351;0;71;29;0;0;0
3;0;12;74476;28320;636792;0;0;0;0;1056;333;0;66;34;0;0;0
3;0;12;73848;28320;636796;0;0;0;0;1340;492;0;95;5;0;0;0
5;0;12;73076;28328;636796;0;0;0;28;1257;485;0;87;13;0;0;0
3;0;12;75032;28328;636796;0;0;0;4;1148;504;1;79;19;0;0;0
3;0;12;75680;28328;636800;0;0;0;8;1348;562;0;100;0;0;0;0
5;0;12;72956;28328;636800;0;0;0;0;992;290;0;62;38;0;0;0
6;0;12;72488;28328;636804;0;0;0;0;1360;584;1;99;0;0;0;0
5;0;12;74728;28336;636804;0;0;0;28;1343;632;0;100;0;0;0;0
6;0;12;72916;28336;636804;0;0;0;0;1305;617;1;99;0;0;0;0
3;0;12;74484;28336;636808;0;0;0;20;1328;682;0;100;0;0;0;0
1;0;12;75080;28336;636808;0;0;0;0;729;356;0;44;56;0;0;0
1;0;12;75932;28336;636808;0;0;0;0;865;269;0;54;46;0;0;0
2;0;12;75056;28344;636812;0;0;0;36;706;157;1;41;58;0;0;0
3;0;12;74888;28344;636812;0;0;0;0;1313;383;0;90;10;0;0;0
4;0;12;72880;28344;636812;0;0;0;8;1296;431;0;93;7;0;0;0
2;0;12;74288;28344;636816;0;0;0;4;1374;531;0;100;0;0;0;0
1;0;12;75920;28344;636816;0;0;0;0;1213;409;0;86;14;0;0;0
2;0;12;75328;28352;636820;0;0;0;28;1061;243;1;68;31;0;0;0
2;0;12;75676;28352;636820;0;0;0;0;749;264;0;44;56;0;0;0
5;0;12;72812;28352;636824;0;0;0;12;1415;477;0;99;1;0;0;0
3;0;12;74472;28352;636824;0;0;0;0;1281;404;0;91;9;0;0;0
1;0;12;76192;28352;636824;0;0;0;4;1353;460;0;99;1;0;0;0
3;0;12;73744;28360;636824;0;0;0;28;1273;441;1;87;12;0;0;0
5;0;12;72384;28360;636828;0;0;0;0;1363;537;0;100;0;0;0;0
0;12;67404;28360;636828;0;0;0;0;1355;599;1;99;0;0;0;0;
0;12;69460;28360;636828;0;0;0;8;1306;681;0;100;0;0;0;0;
0;12;69308;28360;636828;0;0;0;0;1295;714;0;100;0;0;0;0;
7;0;12;74356;28368;636832;0;0;0;32;1292;705;1;99;0;0;0;0
2;0;12;75292;28368;636832;0;0;0;0;1275;715;0;100;0;0;0;0
1;0;12;75460;28368;636836;0;0;0;0;1218;509;0;89;11;0;0;0
0;0;12;75944;28368;636836;0;0;0;12;1238;502;0;92;8;0;0;0
0;0;12;75948;28368;636836;0;0;0;0;1154;436;0;78;22;0;0;0
1;0;12;75912;28368;636836;0;0;0;0;938;203;0;60;40;0;0;0
0;0;12;75812;28376;636840;0;0;0;32;1024;400;0;70;30;0;0;0
1;0;12;74968;28376;636840;0;0;0;0;1112;359;1;67;31;0;0;0
1;0;12;75132;28376;636840;0;0;0;8;930;178;0;58;42;0;0;0
3;0;12;74184;28376;636840;0;0;0;0;1391;583;0;100;0;0;0;0
7;0;12;73504;28384;636836;0;0;0;32;1374;561;0;100;0;0;0;0
7;0;12;72128;28384;636844;0;0;0;0;1352;649;0;100;0;0;0;0
0;12;71008;28384;636844;0;0;0;4;1351;623;1;99;0;0;0;0;
0;12;71024;28384;636844;0;0;0;8;1327;701;0;100;0;0;0;0;
9;0;12;71620;28384;636848;0;0;0;0;1293;659;0;100;0;0;0;0
0;12;72420;28388;636844;0;0;0;32;1325;703;1;99;0;0;0;0;
6;0;12;73368;28392;636848;0;0;0;4;1342;691;0;100;0;0;0;0
3;0;12;74960;28392;636852;0;0;0;0;1325;669;0;100;0;0;0;0
4;0;12;74316;28392;636852;0;0;0;16;1340;609;0;100;0;0;0;0
1;0;12;75388;28392;636852;0;0;0;0;899;269;1;58;41;0;0;0
2;0;12;75864;28392;636856;0;0;0;0;1373;451;0;99;1;0;0;0
4;0;12;73316;28400;636856;0;0;0;28;785;229;0;44;56;0;0;0
0;0;12;75796;28400;636856;0;0;0;0;1139;358;0;74;26;0;0;0
6;0;12;73652;28400;636856;0;0;0;0;1167;386;1;77;22;0;0;0
4;0;12;74648;28400;636856;0;0;0;12;1425;613;0;100;0;0;0;0
0;0;12;75888;28400;636860;0;0;0;0;1190;489;1;82;16;0;0;0
4;0;12;74392;28408;636860;0;0;0;28;797;347;0;49;51;0;0;0
1;0;12;74920;28408;636864;0;0;0;0;1145;459;0;72;28;0;0;0
7;0;12;71948;28408;636868;0;0;0;0;1363;572;0;100;0;0;0;0
6;0;12;72476;28408;636868;0;0;0;12;1410;546;1;97;1;0;0;0
2;0;12;75352;28408;636868;0;0;0;8;1353;636;0;100;0;0;0;0
8;0;12;72680;28416;636868;0;0;0;32;1092;465;0;72;28;0;0;0
0;0;12;75860;28416;636872;0;0;0;0;1296;543;0;96;4;0;0;0
9;0;12;72084;28416;636872;0;0;0;0;1147;482;0;82;18;0;0;0
9;0;12;72664;28416;636872;0;0;0;8;1350;637;1;99;0;0;0;0
2;0;12;75284;28416;636876;0;0;0;0;1330;576;0;100;0;0;0;0
4;0;12;73848;28416;636876;0;0;0;4;992;325;1;64;35;0;0;0
2;0;12;75720;28424;636876;0;0;0;28;1192;543;0;83;17;0;0;0
5;0;12;72588;28424;636876;0;0;0;0;1245;396;0;87;13;0;0;0
4;0;12;74312;28424;636880;0;0;0;12;1337;632;0;100;0;0;0;0
3;0;12;74672;28424;636880;0;0;0;0;1367;659;1;99;0;0;0;0
4;0;12;73808;28424;636880;0;0;0;0;748;284;0;45;55;0;0;0
2;0;12;75804;28432;636884;0;0;0;32;1173;355;0;82;18;0;0;0
3;0;12;74452;28432;636884;0;0;0;0;816;184;1;47;52;0;0;0
2;0;12;73972;28432;636884;0;0;0;8;1254;412;0;85;15;0;0;0
3;0;12;75276;28432;636884;0;0;0;0;1230;348;0;85;15;0;0;0
1;0;12;74900;28432;636888;0;0;0;4;1237;388;0;87;13;0;0;0
4;0;12;73324;28440;636892;0;0;0;28;1032;328;0;65;35;0;0;0
6;0;12;73732;28440;636892;0;0;0;4;1384;621;1;99;0;0;0;0
8;0;12;71888;28440;636892;0;0;0;0;1369;656;0;100;0;0;0;0
7;0;12;71528;28440;636896;0;0;0;12;1298;687;1;99;0;0;0;0
6;0;12;73080;28440;636896;0;0;0;0;1319;643;0;100;0;0;0;0
5;0;12;73596;28448;636896;0;0;0;28;1342;704;0;100;0;0;0;0
0;0;12;76060;28448;636900;0;0;0;0;718;320;0;43;57;0;0;0
1;0;12;75544;28448;636900;0;0;0;4;1032;409;0;69;31;0;0;0
2;0;12;74644;28448;636900;0;0;0;0;645;191;0;37;63;0;0;0
4;0;12;73476;28448;636900;0;0;0;8;1135;412;1;72;27;0;0;0
0;0;12;75724;28456;636904;0;0;0;28;1196;332;0;83;17;0;0;0
4;0;12;74356;28456;636904;0;0;0;0;1178;519;0;81;19;0;0;0
3;0;12;74740;28456;636904;0;0;0;0;1361;531;1;95;4;0;0;0
4;0;12;75704;28456;636904;0;0;0;4;1312;600;0;100;0;0;0;0
5;0;12;73352;28456;636908;0;0;0;12;1354;583;1;99;0;0;0;0
4;0;12;73612;28464;636908;0;0;0;28;1320;633;0;100;0;0;0;0
0;0;12;76156;28464;636912;0;0;0;0;1035;464;0;67;33;0;0;0
0;0;12;75772;28464;636912;0;0;0;0;773;244;0;48;52;0;0;0
0;0;12;75648;28464;636912;0;0;0;0;777;214;1;42;57;0;0;0
1;0;12;74844;28464;636912;0;0;0;12;1036;409;0;65;35;0;0;0
1;0;12;75412;28472;636912;0;0;0;28;838;190;0;47;53;0;0;0
1;0;12;75980;28472;636916;0;0;0;0;889;248;0;56;44;0;0;0
0;0;12;75636;28472;636916;0;0;0;0;1326;512;1;88;11;0;0;0
1;0;12;74868;28472;636916;0;0;0;0;921;241;0;55;45;0;0;0
1;0;12;74792;28472;636920;0;0;0;8;1116;395;0;75;25;0;0;0
3;0;12;73368;28480;636912;0;0;0;32;1292;427;0;87;13;0;0;0
1;0;12;75624;28480;636920;0;0;0;0;1009;373;0;64;36;0;0;0
2;0;12;75284;28480;636920;0;0;0;0;1097;340;1;70;29;0;0;0
2;0;12;75252;28480;636924;0;0;0;0;756;213;0;42;58;0;0;0
3;0;12;73596;28480;636928;0;0;0;12;1321;494;0;95;5;0;0;0
1;0;12;74560;28488;636928;0;0;0;28;1209;431;0;81;19;0;0;0
0;0;12;75664;28488;636932;0;0;0;20;1244;437;1;85;14;0;0;0
6;0;12;72700;28488;636932;0;0;0;0;1083;352;0;70;30;0;0;0
3;0;12;74676;28488;636932;0;0;0;0;1251;421;0;83;17;0;0;0
4;0;12;73240;28488;636932;0;0;0;0;1152;461;1;78;21;0;0;0
4;0;12;73940;28488;636936;0;0;0;8;1015;403;0;62;38;0;0;0
7;0;12;72352;28496;636936;0;0;0;36;1373;624;0;100;0;0;0;0
3;0;12;74192;28496;636936;0;0;0;4;1360;652;0;100;0;0;0;0
0;0;12;74784;28496;636940;0;0;0;0;806;273;0;49;51;0;0;0
3;0;12;74840;28496;636940;0;0;0;0;1096;299;0;70;30;0;0;0
1;0;12;74816;28496;636940;0;0;0;12;1024;307;1;65;34;0;0;0
1;0;12;75388;28504;636940;0;0;0;28;1386;445;0;94;6;0;0;0
6;0;12;74224;28504;636940;0;0;0;0;984;431;0;62;38;0;0;0
8;0;12;70776;28504;636944;0;0;0;4;1370;590;0;100;0;0;0;0
0;12;71288;28504;636944;0;0;0;0;1377;643;0;100;0;0;0;0;
3;0;12;74264;28504;636944;0;0;0;8;1362;687;1;99;0;0;0;0
0;0;12;75688;28512;636948;0;0;0;28;1166;418;0;83;17;0;0;0
2;0;12;74140;28512;636948;0;0;0;0;1156;394;0;80;20;0;0;0
2;0;12;75308;28512;636948;0;0;0;0;700;216;0;41;59;0;0;0
4;0;12;74700;28512;636948;0;0;0;4;1111;410;0;73;28;0;0;0
2;0;12;74468;28512;636952;0;0;0;12;1133;444;1;71;28;0;0;0
0;0;12;75644;28520;636952;0;0;0;28;1104;434;0;76;24;0;0;0
5;0;12;73612;28520;636952;0;0;0;0;1021;353;1;64;35;0;0;0
3;0;12;73148;28520;636956;0;0;0;0;936;296;0;55;45;0;0;0
6;0;12;72644;28520;636956;0;0;0;0;1246;432;0;88;12;0;0;0
5;0;12;73308;28520;636956;0;0;0;4;1397;645;1;99;0;0;0;0
1;0;12;74728;28528;636952;0;0;0;36;755;280;0;44;56;0;0;0
2;0;12;75324;28528;636964;0;0;0;0;1039;201;0;65;35;0;0;0
0;0;12;75532;28528;636964;0;0;0;0;936;359;0;56;44;0;0;0
4;0;12;72896;28528;636964;0;0;0;0;1292;374;0;89;11;0;0;0
5;0;12;73568;28528;636968;0;0;0;0;1024;329;1;64;35;0;0;0
1;0;12;75068;28536;636960;0;0;0;44;1380;635;0;100;0;0;0;0
5;0;12;73216;28536;636968;0;0;0;0;1342;522;0;100;0;0;0;0
5;0;12;73500;28536;636968;0;0;0;0;1378;623;0;100;0;0;0;0
8;0;12;72236;28536;636972;0;0;0;0;1366;628;0;100;0;0;0;0
0;12;70988;28536;636972;0;0;0;0;1346;657;0;100;0;0;0;0;
0;12;69260;28536;636972;0;0;0;28;1321;667;0;100;0;0;0;0;
0;12;68768;28544;636972;0;0;0;32;1321;704;1;99;0;0;0;0;
0;12;69020;28544;636976;0;0;0;0;1274;654;0;100;0;0;0;0;
0;12;70988;28544;636976;0;0;0;0;1290;703;0;100;0;0;0;0;
0;12;70256;28544;636976;0;0;0;0;1318;701;0;100;0;0;0;0;
9;0;12;71588;28544;636980;0;0;0;0;1302;742;1;99;0;0;0;0
4;0;12;73384;28552;636980;0;0;0;28;1332;719;0;100;0;0;0;0
1;0;12;75360;28552;636980;0;0;0;4;1302;664;0;100;0;0;0;0
2;0;12;74768;28552;636984;0;0;0;0;479;165;0;27;73;0;0;0
2;0;12;73976;28552;636984;0;0;0;0;1315;574;1;99;0;0;0;0
5;0;12;72868;28552;636984;0;0;0;0;1190;411;0;80;20;0;0;0
4;0;12;73876;28560;636976;0;0;0;36;1325;592;0;100;0;0;0;0
4;0;12;73972;28560;636992;0;0;0;0;1348;559;1;99;0;0;0;0
1;0;12;75528;28560;636992;0;0;0;8;890;287;0;57;43;0;0;0
0;0;12;75440;28560;636992;0;0;0;0;1143;344;0;74;26;0;0;0
1;0;12;74828;28560;636992;0;0;0;0;1007;235;0;64;36;0;0;0
0;0;12;75520;28568;636996;0;0;0;40;1150;350;1;73;26;0;0;0
3;0;12;73944;28568;636996;0;0;0;0;1259;474;0;84;16;0;0;0
2;0;12;74680;28568;636996;0;0;0;0;1399;508;0;100;0;0;0;0
3;0;12;74956;28568;637000;0;0;0;4;1125;367;0;75;25;0;0;0
3;0;12;74796;28568;637000;0;0;0;0;1251;355;1;83;16;0;0;0
3;0;12;73852;28576;636992;0;0;0;36;1355;472;0;100;0;0;0;0
4;0;12;73988;28576;637000;0;0;0;0;1326;529;0;92;8;0;0;0
4;0;12;75052;28576;637004;0;0;0;0;885;305;0;53;47;0;0;0
2;0;12;74380;28576;637004;0;0;0;0;1075;294;1;68;30;0;0;0
0;0;12;75568;28576;637004;0;0;0;4;933;243;0;57;43;0;0;0
4;0;12;74016;28576;637004;0;0;0;0;1133;281;0;74;26;0;0;0
7;0;12;72480;28584;637008;0;0;0;32;1430;565;0;100;0;0;0;0
7;0;12;71920;28584;637008;0;0;0;0;1353;618;0;100;0;0;0;0
8;0;12;72172;28584;637008;0;0;0;0;1315;660;1;99;0;0;0;0
2;0;12;74452;28584;637012;0;0;0;0;1291;583;0;96;4;0;0;0
0;0;12;75488;28584;637012;0;0;0;8;973;278;0;60;40;0;0;0
3;0;12;73940;28592;637012;0;0;0;36;422;142;1;22;77;0;0;0
0;0;12;74396;28592;637012;0;0;0;0;1109;307;0;68;32;0;0;0
1;0;12;74840;28592;637016;0;0;0;0;790;225;0;46;54;0;0;0
1;0;12;74580;28592;637016;0;0;0;0;1119;240;0;67;33;0;0;0
3;0;12;74564;28592;637016;0;0;0;0;1404;413;0;100;0;0;0;0
5;0;12;73296;28600;637020;0;0;0;48;1270;514;1;85;14;0;0;0
1;0;12;75716;28600;637020;0;0;0;0;1159;418;0;78;22;0;0;0
2;0;12;74456;28600;637020;0;0;0;0;1068;409;0;70;30;0;0;0
5;0;12;73624;28600;637020;0;0;0;0;1165;367;0;77;23;0;0;0
4;0;12;74880;28600;637024;0;0;0;0;1349;598;1;99;0;0;0;0
3;0;12;74096;28608;637016;0;0;0;28;1139;453;0;75;25;0;0;0
1;0;12;74496;28608;637024;0;0;0;12;307;152;0;14;86;0;0;0
2;0;12;75372;28608;637024;0;0;0;0;1142;353;0;72;28;0;0;0
0;0;12;75448;28608;637028;0;0;0;0;1082;227;0;69;31;0;0;0
0;0;12;75448;28608;637028;0;0;0;0;1316;279;1;88;10;0;0;0
4;0;12;73940;28616;637020;0;0;0;28;1145;395;0;78;23;0;0;0
8;0;12;71780;28616;637028;0;0;0;12;1387;581;1;99;0;0;0;0
2;0;12;75216;28616;637032;0;0;0;4;997;423;1;63;35;0;0;0
6;0;12;73304;28616;637032;0;0;0;0;1158;475;0;81;19;0;0;0
0;12;70588;28616;637032;0;0;0;0;1339;639;0;100;0;0;0;0;
8;0;12;72752;28616;637036;0;0;0;0;1356;684;0;100;0;0;0;0
5;0;12;72984;28624;637040;0;0;0;28;1335;704;0;100;0;0;0;0
7;0;12;72784;28624;637040;0;0;0;8;1322;684;0;100;0;0;0;0
2;0;12;75056;28624;637044;0;0;0;4;1329;681;1;99;0;0;0;0
1;0;12;75000;28624;637044;0;0;0;0;1306;584;0;100;0;0;0;0
5;0;12;73432;28624;637044;0;0;0;0;614;204;0;34;66;0;0;0
1;0;12;75120;28632;637044;0;0;0;28;858;294;0;54;46;0;0;0
0;0;12;75440;28632;637048;0;0;0;12;898;224;1;54;45;0;0;0
2;0;12;74108;28632;637052;0;0;0;0;796;198;0;45;55;0;0;0
2;0;12;75176;28632;637052;0;0;0;8;998;267;0;60;40;0;0;0
7;0;12;72032;28640;637044;0;0;0;32;1352;399;1;91;8;0;0;0
3;0;12;74344;28640;637056;0;0;0;20;1222;503;0;84;16;0;0;0
1;0;12;74560;28640;637056;0;0;0;8;1155;446;0;80;20;0;0;0
7;0;12;73076;28640;637056;0;0;0;0;1083;309;0;70;30;0;0;0
0;0;12;75384;28640;637060;0;0;0;0;863;286;1;51;48;0;0;0
3;0;12;75172;28648;637052;0;0;0;32;1289;507;0;96;4;0;0;0
3;0;12;74420;28648;637060;0;0;0;0;1358;513;0;97;3;0;0;0
5;0;12;72784;28648;637060;0;0;0;8;1352;626;0;100;0;0;0;0
4;0;12;73388;28648;637064;0;0;0;0;1254;544;0;92;8;0;0;0
2;0;12;74268;28648;637064;0;0;0;0;1270;543;1;89;10;0;0;0
4;0;12;74012;28648;637064;0;0;0;0;1222;405;0;83;17;0;0;0
0;0;12;75424;28656;637068;0;0;0;32;908;338;0;58;42;0;0;0
5;0;12;73020;28656;637068;0;0;0;12;1280;420;0;86;14;0;0;0
3;0;12;73148;28656;637068;0;0;0;0;1343;488;1;94;5;0;0;0
0;0;12;75424;28656;637072;0;0;0;0;1310;577;0;95;5;0;0;0
1;0;12;75384;28656;637072;0;0;0;0;871;265;0;52;48;0;0;0
0;0;12;75348;28664;637072;0;0;0;28;982;336;0;61;39;0;0;0
1;0;12;75292;28664;637072;0;0;0;4;1097;246;1;71;28;0;0;0
5;0;12;73412;28664;637072;0;0;0;8;1072;441;0;67;33;0;0;0
3;0;12;73552;28664;637076;0;0;0;0;1351;517;0;96;4;0;0;0
2;0;12;75148;28664;637076;0;0;0;0;1376;581;0;100;0;0;0;0
2;0;12;75476;28672;637076;0;0;0;28;1128;341;0;75;25;0;0;0
0;0;12;75364;28672;637080;0;0;0;0;828;327;1;50;49;0;0;0
8;0;12;71216;28672;637080;0;0;0;16;1385;541;0;100;0;0;0;0
0;12;70592;28672;637080;0;0;0;0;1399;632;0;100;0;0;0;0;
5;0;12;72640;28672;637080;0;0;0;0;1340;660;0;100;0;0;0;0
5;0;12;74128;28680;637084;0;0;0;28;1393;658;1;99;0;0;0;0
1;0;12;75000;28680;637084;0;0;0;0;1133;568;0;79;21;0;0;0
5;0;12;72880;28680;637084;0;0;0;8;1381;550;0;100;0;0;0;0
7;0;12;72808;28680;637084;0;0;0;4;1338;637;1;99;0;0;0;0
0;0;12;75348;28680;637088;0;0;0;0;1159;417;0;79;21;0;0;0
4;0;12;73096;28688;637088;0;0;0;28;981;376;0;65;34;1;0;0
4;0;12;74404;28688;637088;0;0;0;0;1399;605;0;100;0;0;0;0
0;0;12;75560;28688;637092;0;0;0;12;892;427;0;56;44;0;0;0
1;0;12;75272;28688;637092;0;0;0;0;837;188;1;46;53;0;0;0
1;0;12;75052;28696;637084;0;0;0;36;796;243;0;46;54;0;0;0
2;0;12;74652;28696;637096;0;0;0;16;1027;341;0;65;35;0;0;0
4;0;12;73484;28696;637096;0;0;0;0;1218;445;0;79;21;0;0;0
7;0;12;72540;28696;637096;0;0;0;8;1350;571;0;100;0;0;0;0
0;12;70116;28696;637096;0;0;0;0;1378;656;1;99;0;0;0;0;
7;0;12;70868;28696;637096;0;0;0;0;1349;653;0;100;0;0;0;0
0;0;12;75312;28704;637100;0;0;0;32;1203;591;0;84;16;0;0;0
5;0;12;72188;28704;637100;0;0;0;0;1341;594;0;99;1;0;0;0
1;0;12;74856;28704;637104;0;0;0;12;1018;418;1;63;35;0;0;0
3;0;12;73500;28704;637104;0;0;0;0;1341;557;0;100;0;0;0;0
5;0;12;73612;28704;637104;0;0;0;0;1428;601;0;100;0;0;0;0
3;0;12;74404;28712;637108;0;0;0;28;1096;464;0;73;28;0;0;0
3;0;12;73640;28712;637112;0;0;0;8;1041;358;1;65;34;0;0;0
1;0;12;75256;28712;637116;0;0;0;0;1243;440;0;86;14;0;0;0
4;0;12;74236;28712;637116;0;0;0;8;1383;487;0;100;0;0;0;0
5;0;12;72132;28712;637116;0;0;0;0;1385;527;0;97;3;0;0;0
0;0;12;75244;28720;637120;0;0;0;32;1139;468;0;78;22;0;0;0
5;0;12;73076;28720;637120;0;0;0;0;1208;362;0;82;18;0;0;0
0;12;71148;28720;637120;0;0;0;4;1341;610;0;100;0;0;0;0;
8;0;12;71944;28720;637120;0;0;0;8;1360;645;1;99;0;0;0;0
0;12;69756;28720;637124;0;0;0;0;1317;683;0;100;0;0;0;0;
0;12;71164;28728;637124;0;0;0;28;1327;701;0;100;0;0;0;0;
0;12;70488;28728;637124;0;0;0;0;1300;690;0;100;0;0;0;0;
5;0;12;72932;28728;637124;0;0;0;0;1310;705;0;100;0;0;0;0
4;0;12;74956;28728;637128;0;0;0;16;1314;690;1;99;0;0;0;0
1;0;12;75028;28728;637128;0;0;0;0;1059;348;0;73;28;0;0;0
2;0;12;74540;28736;637120;0;0;0;28;1281;362;0;96;4;0;0;0
2;0;12;74356;28736;637132;0;0;0;0;595;209;0;33;67;0;0;0
2;0;12;73828;28736;637132;0;0;0;0;1297;374;1;88;10;0;0;0
4;0;12;74288;28736;637132;0;0;0;12;874;255;0;49;51;0;0;0
0;0;12;75212;28736;637136;0;0;0;0;1116;260;0;75;25;0;0;0
2;0;12;74592;28744;637136;0;0;0;28;913;258;1;53;45;0;0;0
1;0;12;74920;28744;637136;0;0;0;0;839;187;0;47;53;0;0;0
4;0;12;74160;28744;637136;0;0;0;0;1379;513;0;95;5;0;0;0
5;0;12;72400;28744;637140;0;0;0;0;1332;510;0;92;8;0;0;0
9;0;12;72044;28744;637140;0;0;0;16;1335;657;1;99;0;0;0;0
8;0;12;73348;28752;637132;0;0;0;32;1314;629;0;100;0;0;0;0
0;12;72616;28752;637140;0;0;0;0;1315;653;0;100;0;0;0;0;
3;0;12;73812;28752;637144;0;0;0;0;1312;653;0;100;0;0;0;0
5;0;12;73584;28752;637144;0;0;0;0;1314;646;1;99;0;0;0;0
0;0;12;75248;28752;637148;0;0;0;0;1158;481;0;82;18;0;0;0
5;0;12;73260;28760;637140;0;0;0;44;1297;484;0;96;4;0;0;0
6;0;12;72220;28760;637148;0;0;0;0;1326;640;0;100;0;0;0;0
8;0;12;72604;28760;637148;0;0;0;0;1368;646;0;100;0;0;0;0
1;0;12;75456;28760;637152;0;0;0;0;1227;608;0;91;9;0;0;0
2;0;12;75204;28760;637152;0;0;0;0;981;243;1;65;33;0;0;0
0;0;12;75656;28760;637152;0;0;0;8;902;358;0;59;41;0;0;0
2;0;12;75196;28768;637152;0;0;0;32;885;305;0;58;42;0;0;0
2;0;12;74832;28768;637156;0;0;0;0;1053;278;1;69;30;0;0;0
1;0;12;74176;28768;637156;0;0;0;0;758;254;0;47;53;0;0;0
2;0;12;73588;28768;637156;0;0;0;0;872;223;0;52;48;0;0;0
0;0;12;75604;28768;637160;0;0;0;8;1016;270;0;68;32;0;0;0
3;0;12;73156;28776;637160;0;0;0;28;818;205;0;51;49;0;0;0
4;0;12;74520;28776;637160;0;0;0;4;1181;411;1;80;19;0;0;0
1;0;12;75184;28776;637160;0;0;0;0;1203;402;0;84;16;0;0;0
0;0;12;75528;28776;637164;0;0;0;0;600;186;1;31;68;0;0;0
1;0;12;74600;28776;637164;0;0;0;12;753;208;0;43;57;0;0;0
1;0;12;74908;28784;637156;0;0;0;28;952;239;0;58;42;0;0;0
1;0;12;74852;28784;637164;0;0;0;0;742;207;0;41;59;0;0;0
0;0;12;75228;28784;637168;0;0;0;4;894;203;0;54;46;0;0;0
1;0;12;75228;28784;637168;0;0;0;0;826;215;0;48;52;0;0;0
1;0;12;74328;28784;637172;0;0;0;8;925;200;1;53;45;0;0;0
0;0;12;75504;28792;637172;0;0;0;28;834;218;0;48;52;0;0;0
3;0;12;73664;28792;637176;0;0;0;0;842;208;0;48;52;0;0;0
2;0;12;73548;28792;637176;0;0;0;0;659;189;1;34;65;0;0;0
0;0;12;75468;28792;637176;0;0;0;8;752;170;0;42;58;0;0;0
1;0;12;74244;28792;637180;0;0;0;0;1264;339;1;85;14;0;0;0
0;0;12;75100;28800;637172;0;0;0;48;1019;288;0;63;37;0;0;0
0;0;12;75420;28800;637184;0;0;0;0;1094;334;0;69;31;0;0;0
1;0;12;74300;28800;637184;0;0;0;0;1037;303;0;66;34;0;0;0
2;0;12;74768;28800;637184;0;0;0;0;903;179;0;53;47;0;0;0
0;0;12;75096;28800;637188;0;0;0;4;1047;383;1;68;31;0;0;0
2;0;12;73744;28808;637180;0;0;0;36;1126;348;0;72;28;0;0;0
1;0;12;74800;28808;637188;0;0;0;0;963;223;0;59;41;0;0;0
0;0;12;75084;28808;637192;0;0;0;0;861;214;1;49;49;0;0;0
0;0;12;75568;28808;637192;0;0;0;0;1194;303;0;79;21;0;0;0
2;0;12;74188;28808;637192;0;0;0;0;1055;289;0;65;35;0;0;0
2;0;12;73952;28816;637188;0;0;0;44;985;265;0;64;36;0;0;0
4;0;12;73708;28816;637196;0;0;0;0;1369;552;0;100;0;0;0;0
4;0;12;72704;28816;637196;0;0;0;0;1260;511;1;88;10;0;0;0
2;0;12;74260;28816;637196;0;0;0;0;1165;385;0;81;19;0;0;0
0;0;12;75548;28816;637200;0;0;0;0;856;216;0;53;47;0;0;0
3;0;12;73232;28816;637200;0;0;0;0;786;186;0;46;54;0;0;0
0;0;12;75444;28824;637200;0;0;0;28;1040;386;1;63;36;0;0;0
0;0;12;75504;28824;637200;0;0;0;0;995;317;0;61;39;0;0;0
2;0;12;73996;28824;637204;0;0;0;0;1021;264;0;65;35;0;0;0
2;0;12;74696;28824;637204;0;0;0;0;1172;334;1;75;23;0;0;0
0;0;12;75504;28824;637204;0;0;0;0;990;259;0;65;35;0;0;0
2;0;12;73480;28832;637208;0;0;0;40;753;221;0;38;62;0;0;0
1;0;12;74180;28832;637208;0;0;0;4;946;172;1;58;40;0;0;0
0;0;12;75460;28832;637208;0;0;0;0;803;243;0;44;56;0;0;0
0;0;12;75428;28832;637208;0;0;0;0;749;225;1;41;58;0;0;0
2;0;12;74164;28832;637212;0;0;0;0;963;231;0;58;42;0;0;0
4;0;12;72016;28840;637212;0;0;0;28;1183;317;0;77;23;0;0;0
1;0;12;74804;28840;637212;0;0;0;8;1167;416;1;76;23;0;0;0
3;0;12;73844;28840;637212;0;0;0;4;1307;434;0;95;5;0;0;0
6;0;12;74196;28840;637216;0;0;0;0;1099;306;0;71;29;0;0;0
2;0;12;74360;28840;637216;0;0;0;0;1308;582;1;99;0;0;0;0
4;0;12;73844;28848;637216;0;0;0;52;1127;401;0;77;23;0;0;0
2;0;12;74400;28848;637220;0;0;0;12;758;211;0;45;55;0;0;0
4;0;12;72940;28848;637220;0;0;0;4;1394;578;0;100;0;0;0;0
2;0;12;74076;28848;637220;0;0;0;0;1018;399;0;65;35;0;0;0
0;0;12;75212;28848;637224;0;0;0;0;667;241;1;39;60;0;0;0
0;0;12;75456;28856;637224;0;0;0;28;772;189;0;44;56;0;0;0
1;0;12;74944;28856;637224;0;0;0;0;914;257;1;53;45;0;0;0
0;0;12;75100;28856;637224;0;0;0;8;1067;355;0;69;31;0;0;0
2;0;12;74768;28856;637228;0;0;0;4;1069;272;1;66;33;0;0;0
0;0;12;75480;28856;637228;0;0;0;0;833;275;0;49;51;0;0;0
2;0;12;74120;28864;637220;0;0;0;28;934;202;0;57;43;0;0;0
0;0;12;75052;28864;637232;0;0;0;0;625;193;0;33;67;0;0;0
0;0;12;74984;28864;637232;0;0;0;12;1014;270;1;61;37;0;0;0
2;0;12;74820;28864;637236;0;0;0;0;1023;233;0;62;38;0;0;0
2;0;12;74312;28864;637236;0;0;0;8;865;259;1;51;48;0;0;0
0;0;12;75172;28872;637240;0;0;0;32;1193;337;0;79;21;0;0;0
0;0;12;75452;28872;637240;0;0;0;0;1277;279;1;86;13;0;0;0
2;0;12;73400;28872;637240;0;0;0;0;1154;224;0;75;25;0;0;0
1;0;12;74208;28872;637240;0;0;0;8;768;230;0;44;56;0;0;0
0;0;12;75352;28872;637244;0;0;0;0;1070;241;0;67;33;0;0;0
0;0;12;75312;28880;637236;0;0;0;32;945;278;1;57;42;0;0;0
2;0;12;74696;28880;637244;0;0;0;0;1234;305;0;80;20;0;0;0
5;0;12;72372;28880;637244;0;0;0;0;1028;397;0;76;24;0;0;0
1;0;12;74764;28880;637244;0;0;0;8;1180;431;1;99;0;0;0;0
2;0;12;73564;28880;637248;0;0;0;0;1015;413;0;69;31;0;0;0
1;0;12;74656;28888;637252;0;0;0;32;1181;318;1;78;21;0;0;0
1;0;12;74336;28888;637256;0;0;0;0;1035;297;0;65;35;0;0;0
2;0;12;75420;28888;637256;0;0;0;0;1260;383;1;89;9;0;0;0
1;0;12;74428;28888;637256;0;0;0;12;1106;303;0;71;29;0;0;0
1;0;12;74880;28888;637256;0;0;0;0;771;194;0;43;57;0;0;0
0;0;12;75032;28888;637260;0;0;0;0;793;184;0;47;53;0;0;0
1;0;12;74192;28896;637260;0;0;0;32;647;192;1;32;67;0;0;0
1;0;12;74864;28896;637260;0;0;0;0;1193;351;0;79;21;0;0;0
3;0;12;73240;28896;637260;0;0;0;8;928;265;1;55;44;0;0;0
3;0;12;73832;28896;637264;0;0;0;0;1004;292;0;61;39;0;0;0
3;0;12;73720;28896;637264;0;0;0;0;1277;452;1;87;12;0;0;0
4;0;12;73720;28904;637264;0;0;0;48;1168;420;0;78;23;0;0;0
1;0;12;74944;28904;637268;0;0;0;4;913;251;1;58;40;0;0;0
0;0;12;75296;28904;637268;0;0;0;12;856;206;0;48;52;0;0;0
2;0;12;74132;28904;637268;0;0;0;0;1276;383;0;88;12;0;0;0
1;0;12;75300;28904;637268;0;0;0;0;1058;294;0;65;35;0;0;0
0;0;12;75380;28912;637272;0;0;0;32;681;203;0;39;61;0;0;0
0;0;12;75348;28912;637272;0;0;0;0;871;275;1;51;48;0;0;0
0;0;12;74968;28912;637272;0;0;0;12;1032;262;0;64;36;0;0;0
0;0;12;74904;28912;637272;0;0;0;0;888;230;0;53;47;0;0;0
1;0;12;74448;28912;637276;0;0;0;0;1242;292;0;81;19;0;0;0
1;0;12;74728;28920;637276;0;0;0;28;1143;319;1;72;27;0;0;0
0;0;12;74984;28920;637276;0;0;0;0;822;217;0;49;51;0;0;0
2;0;12;74124;28920;637276;0;0;0;8;925;275;1;55;44;0;0;0
2;0;12;73960;28920;637280;0;0;0;4;1146;342;0;74;26;0;0;0
1;0;12;74820;28920;637280;0;0;0;0;1281;436;0;91;9;0;0;0
2;0;12;73904;28928;637280;0;0;0;28;1265;377;0;86;14;0;0;0
1;0;12;75352;28928;637284;0;0;0;0;1114;389;0;74;26;0;0;0
6;0;12;73024;28928;637284;0;0;0;0;1138;475;1;75;24;0;0;0
5;0;12;73176;28928;637284;0;0;0;12;1346;547;0;97;3;0;0;0
0;0;12;74972;28928;637284;0;0;0;4;1083;491;1;73;25;0;0;0
3;0;12;73756;28936;637288;0;0;0;28;1285;525;0;91;9;0;0;0
3;0;12;73976;28936;637288;0;0;0;0;706;193;0;42;58;0;0;0
3;0;12;74020;28936;637288;0;0;0;0;1088;402;0;72;28;0;0;0
0;0;12;74888;28936;637292;0;0;0;8;634;243;1;35;64;0;0;0
0;0;12;74756;28936;637296;0;0;0;0;871;195;0;52;48;0;0;0
0;0;12;74844;28944;637296;0;0;0;40;857;212;0;48;52;0;0;0
1;0;12;74560;28944;637296;0;0;0;0;943;262;0;57;43;0;0;0
2;0;12;74292;28944;637300;0;0;0;0;676;216;0;34;66;0;0;0
2;0;12;74420;28944;637300;0;0;0;12;1009;332;1;65;34;0;0;0
0;0;12;74840;28944;637300;0;0;0;0;1248;344;0;81;19;0;0;0
1;0;12;73792;28944;637304;0;0;0;0;754;181;0;43;57;0;0;0
0;0;12;75308;28952;637304;0;0;0;32;1036;217;1;63;36;0;0;0
1;0;12;73936;28952;637304;0;0;0;0;1142;274;0;73;27;0;0;0
0;0;12;75208;28952;637304;0;0;0;8;877;277;1;52;47;0;0;0
1;0;12;74600;28952;637308;0;0;0;0;980;244;0;61;39;0;0;0
4;0;12;72644;28952;637308;0;0;0;8;861;214;0;50;50;0;0;0
0;0;12;75264;28960;637308;0;0;0;28;1094;344;1;72;27;0;0;0
0;0;12;74912;28960;637308;0;0;0;4;1069;278;0;68;32;0;0;0
3;0;12;74380;28960;637312;0;0;0;12;1038;256;1;64;35;0;0;0
2;0;12;75060;28960;637312;0;0;0;0;1206;317;0;81;19;0;0;0
2;0;12;73244;28960;637312;0;0;0;0;1087;323;0;71;29;0;0;0
0;0;12;75280;28968;637316;0;0;0;28;1013;299;0;65;35;0;0;0
3;0;12;74464;28968;637316;0;0;0;0;1041;297;0;65;35;0;0;0
1;0;12;74220;28968;637316;0;0;0;12;728;243;0;40;60;0;0;0
0;0;12;74800;28968;637316;0;0;0;0;884;211;1;52;47;0;0;0
0;0;12;74892;28968;637320;0;0;0;0;943;251;0;57;43;0;0;0
1;0;12;74336;28976;637324;0;0;0;28;1144;286;0;75;25;0;0;0
0;0;12;74788;28976;637324;0;0;0;0;959;240;0;57;43;0;0;0
2;0;12;74224;28976;637324;0;0;0;0;1001;243;1;62;37;0;0;0
3;0;12;74160;28976;637328;0;0;0;12;1197;384;0;79;21;0;0;0
0;0;12;75224;28976;637328;0;0;0;0;1200;409;1;78;20;0;0;0
4;0;12;72684;28984;637328;0;0;0;28;814;288;0;48;52;0;0;0
0;0;12;75156;28984;637332;0;0;0;0;970;403;0;61;39;0;0;0
1;0;12;74000;28984;637332;0;0;0;0;1112;276;1;73;26;0;0;0
0;0;12;75152;28984;637332;0;0;0;12;829;221;0;48;52;0;0;0
0;0;12;75156;28984;637332;0;0;0;4;1030;325;1;64;35;0;0;0
0;0;12;74852;28992;637336;0;0;0;28;969;310;0;61;39;0;0;0
1;0;12;74460;28992;637336;0;0;0;0;946;282;0;57;43;0;0;0
3;0;12;73888;28992;637336;0;0;0;0;900;198;0;52;48;0;0;0
1;0;12;73864;28992;637336;0;0;0;8;860;216;1;48;51;0;0;0
3;0;12;73720;28992;637340;0;0;0;0;1002;246;1;59;40;0;0;0
1;0;12;74740;29000;637332;0;0;0;32;985;295;0;60;40;0;0;0
2;0;12;73652;29000;637340;0;0;0;0;1121;249;0;71;29;0;0;0
0;0;12;74836;29000;637344;0;0;0;0;1212;370;0;83;17;0;0;0
2;0;12;74424;29000;637344;0;0;0;12;1066;280;1;67;32;0;0;0
0;0;12;74840;29000;637344;0;0;0;0;849;194;0;51;49;0;0;0
3;0;12;73604;29000;637344;0;0;0;0;926;236;0;56;44;0;0;0
0;0;12;75204;29008;637348;0;0;0;32;1301;393;0;89;11;0;0;0
0;0;12;74920;29008;637348;0;0;0;0;996;311;0;62;38;0;0;0
1;0;12;74668;29008;637348;0;0;0;0;876;200;1;51;48;0;0;0
1;0;12;74280;29008;637348;0;0;0;8;1060;363;0;68;32;0;0;0
2;0;12;74264;29008;637352;0;0;0;0;987;252;1;59;40;0;0;0
1;0;12;73984;29016;637352;0;0;0;28;1257;421;0;88;12;0;0;0
3;0;12;74092;29016;637356;0;0;0;8;1107;412;0;71;29;0;0;0
1;0;12;73816;29016;637360;0;0;0;0;1099;302;0;71;29;0;0;0
3;0;12;73560;29016;637360;0;0;0;12;1205;346;0;84;16;0;0;0
0;0;12;75024;29016;637360;0;0;0;0;960;233;1;60;39;0;0;0
2;0;12;74368;29024;637360;0;0;0;32;846;246;0;49;51;0;0;0
2;0;12;74828;29024;637364;0;0;0;0;928;297;0;55;45;0;0;0
2;0;12;73124;29024;637364;0;0;0;4;1258;374;1;83;16;0;0;0
1;0;12;74468;29024;637364;0;0;0;0;1246;416;0;86;14;0;0;0
2;0;12;74364;29024;637364;0;0;0;8;1360;547;1;99;0;0;0;0
4;0;12;73152;29032;637368;0;0;0;28;1357;587;0;100;0;0;0;0
1;0;12;74264;29032;637368;0;0;0;0;1058;342;0;71;29;0;0;0
0;0;12;75164;29032;637368;0;0;0;0;910;291;0;58;42;0;0;0
0;0;12;74716;29032;637372;0;0;0;4;616;178;0;33;67;0;0;0
3;0;12;73932;29032;637372;0;0;0;0;1255;466;1;85;14;0;0;0
0;0;12;75056;29040;637372;0;0;0;40;1226;378;0;80;20;0;0;0
0;0;12;74676;29040;637372;0;0;0;0;451;171;0;24;76;0;0;0
0;0;12;75116;29040;637376;0;0;0;0;847;179;1;51;48;0;0;0
3;0;12;73312;29040;637376;0;0;0;0;891;256;0;52;48;0;0;0
2;0;12;73580;29040;637376;0;0;0;4;1170;305;0;75;25;0;0;0
0;0;12;75136;29048;637380;0;0;0;36;1118;411;0;73;27;0;0;0
3;0;12;74720;29048;637380;0;0;0;0;1220;376;1;81;18;0;0;0
0;0;12;75136;29048;637380;0;0;0;0;1052;307;0;70;30;0;0;0
3;0;12;74120;29048;637380;0;0;0;0;1160;355;1;76;23;0;0;0
0;0;12;74780;29048;637384;0;0;0;0;1179;448;0;80;20;0;0;0
0;0;12;74868;29056;637384;0;0;0;48;734;240;0;42;58;0;0;0
0;0;12;74740;29056;637384;0;0;0;0;889;273;0;53;47;0;0;0
1;0;12;74356;29056;637384;0;0;0;0;877;221;1;48;51;0;0;0
2;0;12;74092;29056;637388;0;0;0;0;1022;328;0;64;36;0;0;0
2;0;12;74216;29056;637388;0;0;0;0;907;234;0;54;46;0;0;0
1;0;12;73552;29064;637380;0;0;0;36;1079;313;0;70;30;0;0;0
0;0;12;75008;29064;637396;0;0;0;4;1203;420;1;80;19;0;0;0
0;0;12;73692;29064;637396;0;0;0;0;1132;276;0;70;30;0;0;0
0;0;12;74968;29064;637396;0;0;0;0;673;207;1;36;63;0;0;0
1;0;12;73760;29064;637396;0;0;0;0;1030;214;0;65;35;0;0;0
2;0;12;73396;29064;637400;0;0;0;12;955;266;0;55;45;0;0;0
3;0;12;73028;29072;637400;0;0;0;28;1065;289;1;67;32;0;0;0
0;0;12;74996;29072;637400;0;0;0;4;1032;322;0;80;20;0;0;0
2;0;12;74308;29072;637400;0;0;0;0;989;297;1;61;38;0;0;0
1;0;12;74320;29072;637404;0;0;0;0;854;227;0;49;51;0;0;0
1;0;12;74512;29072;637404;0;0;0;0;1390;491;0;100;0;0;0;0
1;0;12;74180;29080;637404;0;0;0;24;807;243;0;44;56;0;0;0
1;0;12;73832;29080;637408;0;0;0;0;690;249;1;38;61;0;0;0
1;0;12;74536;29080;637408;0;0;0;4;1031;248;0;62;38;0;0;0
4;0;12;72508;29080;637408;0;0;0;0;906;202;0;58;42;0;0;0
3;0;12;74536;29080;637408;0;0;0;0;1351;538;1;95;4;0;0;0
0;0;12;74584;29088;637412;0;0;0;40;1090;365;0;72;28;0;0;0
2;0;12;73716;29088;637412;0;0;0;0;515;160;1;26;73;0;0;0
0;0;12;74680;29088;637412;0;0;0;0;1161;381;0;77;23;0;0;0
5;0;12;72856;29088;637412;0;0;0;4;1171;364;0;82;18;0;0;0
2;0;12;73460;29088;637420;0;0;0;0;855;258;0;55;45;0;0;0
0;0;12;74952;29096;637420;0;0;0;36;919;375;1;72;27;0;0;0
2;0;12;73580;29096;637420;0;0;0;0;884;257;0;56;44;0;0;0
2;0;12;74428;29096;637424;0;0;0;0;994;280;1;67;32;0;0;0
2;0;12;74528;29096;637424;0;0;0;0;879;253;0;54;46;0;0;0
1;0;12;73832;29096;637424;0;0;0;8;1010;285;1;65;33;0;0;0
0;0;12;74944;29104;637424;0;0;0;36;983;259;0;60;40;0;0;0
0;0;12;74648;29104;637428;0;0;0;0;922;221;0;53;47;0;0;0
2;0;12;73516;29104;637428;0;0;0;0;796;214;0;44;56;0;0;0
2;0;12;73236;29104;637428;0;0;0;0;1213;380;1;79;20;0;0;0
5;0;12;73808;29104;637428;0;0;0;0;1294;411;0;85;15;0;0;0
2;0;12;73956;29112;637432;0;0;0;44;894;252;1;53;45;0;0;0
2;0;12;73732;29112;637432;0;0;0;0;1104;310;0;71;29;0;0;0
3;0;12;72196;29112;637432;0;0;0;0;1246;387;1;87;12;0;0;0
1;0;12;73960;29112;637436;0;0;0;0;940;370;0;58;42;0;0;0
0;0;12;74568;29112;637436;0;0;0;0;990;325;0;63;37;0;0;0
2;0;12;72832;29120;637436;0;0;0;28;610;157;1;32;67;0;0;0
0;0;12;74912;29120;637436;0;0;0;12;1167;355;0;78;22;0;0;0
6;0;12;71736;29120;637440;0;0;0;0;1131;362;0;72;28;0;0;0
4;0;12;72712;29120;637440;0;0;0;0;1145;378;0;77;23;0;0;0
2;0;12;73632;29120;637440;0;0;0;0;1299;367;0;90;10;0;0;0
1;0;12;74608;29128;637444;0;0;0;32;819;257;1;48;51;0;0;0
1;0;12;74864;29128;637444;0;0;0;12;1162;374;0;76;24;0;0;0
4;0;12;72916;29128;637444;0;0;0;4;1224;447;0;82;18;0;0;0
3;0;12;73696;29128;637444;0;0;0;0;1015;353;1;64;35;0;0;0
1;0;12;74312;29128;637448;0;0;0;0;1041;297;0;69;31;0;0;0
1;0;12;74024;29136;637440;0;0;0;28;913;222;0;55;45;0;0;0
0;0;12;74888;29136;637448;0;0;0;8;547;168;0;27;73;0;0;0
1;0;12;74436;29136;637448;0;0;0;0;970;221;1;56;43;0;0;0
2;0;12;73532;29136;637452;0;0;0;4;1147;304;0;73;27;0;0;0
0;0;12;74948;29136;637452;0;0;0;0;900;211;1;53;46;0;0;0
1;0;12;74904;29144;637444;0;0;0;28;1058;295;0;66;34;0;0;0
3;0;12;73108;29144;637456;0;0;0;12;1009;283;0;61;39;0;0;0
1;0;12;73900;29144;637456;0;0;0;0;919;269;0;58;42;0;0;0
0;0;12;74868;29144;637456;0;0;0;0;1094;316;0;68;32;0;0;0
1;0;12;73808;29144;637456;0;0;0;4;830;193;0;48;52;0;0;0
1;0;12;74420;29144;637460;0;0;0;0;894;233;1;51;48;0;0;0
4;0;12;73828;29152;637464;0;0;0;48;1171;332;0;75;25;0;0;0
4;0;12;73580;29152;637464;0;0;0;8;1087;264;0;67;33;0;0;0
1;0;12;74848;29152;637468;0;0;0;0;1236;465;1;82;16;0;0;0
2;0;12;74240;29152;637468;0;0;0;0;835;256;0;49;51;0;0;0
4;0;12;72796;29152;637468;0;0;0;4;897;265;0;54;46;0;0;0
4;0;12;72584;29160;637468;0;0;0;28;886;260;1;51;48;0;0;0
1;0;12;73808;29160;637472;0;0;0;8;1340;380;0;94;6;0;0;0
5;0;12;71132;29160;637472;0;0;0;0;1365;541;1;96;3;0;0;0
2;0;12;73780;29160;637472;0;0;0;0;1096;435;0;74;26;0;0;0
2;0;12;73304;29160;637476;0;0;0;0;752;213;0;45;55;0;0;0
4;0;12;74104;29168;637476;0;0;0;32;748;200;1;43;56;0;0;0
1;0;12;74436;29168;637480;0;0;0;12;1059;274;0;66;34;0;0;0
1;0;12;74820;29168;637480;0;0;0;0;788;194;0;45;55;0;0;0
3;0;12;74528;29168;637484;0;0;0;0;1029;258;0;63;37;0;0;0
3;0;12;72576;29168;637484;0;0;0;0;1375;457;1;94;5;0;0;0
2;0;12;74060;29176;637476;0;0;0;28;1100;350;0;73;28;0;0;0
1;0;12;74368;29176;637484;0;0;0;16;1034;368;0;66;34;0;0;0
0;0;12;74868;29176;637488;0;0;0;0;1126;446;1;76;23;0;0;0
3;0;12;73088;29176;637488;0;0;0;0;969;332;0;59;41;0;0;0
0;0;12;74420;29176;637488;0;0;0;0;931;412;0;60;40;0;0;0
3;0;12;73856;29184;637480;0;0;0;28;1184;364;1;77;22;0;0;0
2;0;12;73600;29184;637492;0;0;0;12;845;262;0;50;50;0;0;0
0;0;12;74892;29184;637492;0;0;0;4;1118;364;1;74;24;0;0;0
2;0;12;74888;29184;637492;0;0;0;0;994;268;0;62;38;0;0;0
1;0;12;73736;29184;637492;0;0;0;0;700;230;0;39;61;0;0;0
1;0;12;73572;29184;637496;0;0;0;0;960;285;0;58;42;0;0;0
2;0;12;73776;29192;637496;0;0;0;36;1214;349;0;81;19;0;0;0
3;0;12;73556;29192;637496;0;0;0;0;907;249;1;54;45;0;0;0
0;0;12;74456;29192;637500;0;0;0;4;952;395;1;59;40;0;0;0
3;0;12;73604;29192;637500;0;0;0;0;1153;268;0;72;28;0;0;0
1;0;12;74164;29192;637500;0;0;0;0;736;207;0;43;57;0;0;0
0;0;12;74196;29200;637504;0;0;0;36;1113;230;1;70;29;0;0;0
0;0;12;74476;29200;637504;0;0;0;0;991;210;0;61;39;0;0;0
1;0;12;73580;29200;637504;0;0;0;0;1031;198;1;62;36;0;0;0
0;0;12;74384;29200;637504;0;0;0;4;957;300;0;59;41;0;0;0
1;0;12;73732;29200;637508;0;0;0;0;959;313;0;57;43;0;0;0
2;0;12;73472;29208;637508;0;0;0;40;1018;256;1;65;33;0;0;0
2;0;12;73920;29208;637508;0;0;0;0;1280;478;0;95;5;0;0;0
1;0;12;74052;29208;637508;0;0;0;0;937;302;0;58;42;0;0;0
1;0;12;73564;29208;637512;0;0;0;0;941;334;0;59;41;0;0;0
5;0;12;70096;29208;637512;0;0;0;4;1080;382;0;70;30;0;0;0
2;0;12;74316;29216;637512;0;0;0;36;1056;309;1;66;33;0;0;0
1;0;12;74416;29216;637516;0;0;0;0;1145;417;0;78;22;0;0;0
0;0;12;74352;29216;637516;0;0;0;0;580;189;0;29;71;0;0;0
0;0;12;74736;29216;637516;0;0;0;0;779;338;0;45;55;0;0;0
1;0;12;73712;29216;637516;0;0;0;0;1149;354;0;75;25;0;0;0
0;0;12;74724;29224;637512;0;0;0;32;671;243;1;34;64;0;0;0
0;0;12;74340;29224;637520;0;0;0;12;991;303;0;63;37;0;0;0
2;0;12;72476;29224;637520;0;0;0;0;1082;359;0;68;32;0;0;0
2;0;12;73668;29224;637520;0;0;0;0;888;331;1;52;47;0;0;0
2;0;12;73572;29224;637524;0;0;0;0;1005;356;0;60;40;0;0;0
0;0;12;74336;29224;637524;0;0;0;0;134;88;0;5;95;0;0;0
0;0;12;74084;29232;637524;0;0;0;40;55;86;0;0;100;0;0;0
0;0;12;74084;29232;637524;0;0;0;0;41;61;0;1;99;0;0;0
0;0;12;74084;29232;637524;0;0;0;0;40;77;0;0;100;0;0;0
0;0;12;74084;29232;637524;0;0;0;0;40;71;0;0;100;0;0;0
0;0;12;74084;29232;637524;0;0;0;0;37;64;0;0;100;0;0;0
0;0;12;73832;29240;637516;0;0;0;32;44;71;0;1;99;0;0;0
0;0;12;73832;29240;637528;0;0;0;4;45;69;0;0;100;0;0;0
0;0;12;73832;29240;637528;0;0;0;0;38;65;0;0;100;0;0;0
0;0;12;73832;29240;637532;0;0;0;0;39;61;0;1;99;0;0;0
0;0;12;73832;29240;637532;0;0;0;0;42;74;1;0;99;0;0;0
0;0;12;73832;29240;637532;0;0;0;0;43;72;0;0;100;0;0;0
0;0;12;73832;29248;637532;0;0;0;12;37;67;0;0;100;0;0;0
0;0;12;73832;29248;637532;0;0;0;8;51;75;0;1;99;0;0;0
0;0;12;74532;29248;637532;0;0;0;0;629;156;0;36;64;0;0;0
2;0;12;73552;29248;637532;0;0;0;8;530;248;0;30;70;0;0;0
0;0;12;74532;29248;637536;0;0;0;0;870;445;0;59;41;0;0;0
1;0;12;74044;29248;637536;0;0;0;0;1020;419;0;70;30;0;0;0
0;0;12;73328;29256;637536;0;0;0;24;1122;389;1;77;22;0;0;0
1;0;12;73788;29256;637536;0;0;0;12;669;228;0;40;60;0;0;0
0;0;12;74500;29256;637540;0;0;0;0;1031;395;1;65;34;0;0;0
0;0;12;74692;29256;637540;0;0;0;0;816;175;0;50;50;0;0;0
2;0;12;73016;29256;637540;0;0;0;0;889;360;0;54;46;0;0;0
0;0;12;74460;29264;637540;0;0;0;28;629;226;1;34;65;0;0;0
0;0;12;74740;29264;637544;0;0;0;0;482;175;0;25;75;0;0;0
0;0;12;74488;29264;637544;0;0;0;16;314;172;0;14;86;0;0;0
0;0;12;74740;29264;637544;0;0;0;0;1003;451;0;66;34;0;0;0
5;0;12;71380;29264;637544;0;0;0;0;1338;558;0;96;4;0;0;0
1;0;12;73324;29272;637548;0;0;0;28;1073;437;1;72;27;0;0;0
0;0;12;74448;29272;637548;0;0;0;0;977;224;0;61;39;0;0;0
0;0;12;74664;29272;637548;0;0;0;8;266;109;0;12;88;0;0;0
2;0;12;73148;29272;637552;0;0;0;4;922;242;0;54;46;0;0;0
2;0;12;73304;29272;637552;0;0;0;0;980;268;0;63;37;0;0;0
1;0;12;73312;29280;637552;0;0;0;28;887;290;1;53;45;0;0;0
0;0;12;74432;29280;637556;0;0;0;0;998;338;0;64;36;0;0;0
0;0;12;74676;29280;637556;0;0;0;12;872;234;0;54;46;0;0;0
2;0;12;73140;29280;637556;0;0;0;0;839;184;0;50;50;0;0;0
3;0;12;72880;29280;637556;0;0;0;4;789;217;0;48;52;0;0;0
0;0;12;74420;29288;637560;0;0;0;28;1099;462;0;71;29;0;0;0
2;0;12;73480;29288;637560;0;0;0;0;987;346;1;65;34;0;0;0
0;0;12;74668;29288;637560;0;0;0;8;1175;429;0;79;21;0;0;0
1;0;12;74020;29288;637560;0;0;0;0;1308;475;0;96;4;0;0;0
3;0;12;73144;29288;637564;0;0;0;0;568;187;1;30;68;0;0;0
0;0;12;74656;29296;637564;0;0;0;32;1156;444;0;78;22;0;0;0
0;0;12;74440;29296;637564;0;0;0;0;476;280;0;25;75;0;0;0
0;0;12;74404;29296;637568;0;0;0;0;489;162;1;24;75;0;0;0
0;0;12;74620;29296;637568;0;0;0;12;502;201;0;26;74;0;0;0
1;0;12;73560;29296;637568;0;0;0;0;818;188;0;48;52;0;0;0
0;0;12;74152;29304;637568;0;0;0;28;902;319;0;53;47;0;0;0
2;0;12;73252;29304;637568;0;0;0;4;1121;456;1;76;22;0;0;0
2;0;12;73224;29304;637572;0;0;0;0;1031;357;0;70;30;0;0;0
0;0;12;74644;29304;637572;0;0;0;8;1067;410;0;72;28;0;0;0
2;0;12;73504;29304;637576;0;0;0;0;487;188;0;25;75;0;0;0
1;0;12;74596;29312;637568;0;0;0;28;645;216;0;38;63;0;0;0
3;0;12;72624;29312;637576;0;0;0;0;1069;331;0;66;34;0;0;0
0;0;12;74632;29312;637576;0;0;0;4;978;430;1;63;36;0;0;0
0;0;12;74656;29312;637580;0;0;0;8;828;362;0;50;50;0;0;0
4;0;12;72772;29312;637580;0;0;0;0;1101;442;1;73;26;0;0;0
1;0;12;73652;29320;637576;0;0;0;28;1110;461;0;76;24;0;0;0
0;0;12;74396;29320;637584;0;0;0;0;600;149;1;34;65;0;0;0
2;0;12;74156;29320;637588;0;0;0;0;746;270;0;44;56;0;0;0
1;0;12;73236;29320;637588;0;0;0;20;618;189;0;34;66;0;0;0
1;0;12;74640;29320;637588;0;0;0;0;618;240;0;36;64;0;0;0
1;0;12;73736;29320;637592;0;0;0;0;809;289;0;48;52;0;0;0
2;0;12;72924;29328;637592;0;0;0;28;787;216;0;49;51;0;0;0
0;0;12;74568;29328;637592;0;0;0;0;782;330;0;56;44;0;0;0
7;0;12;71580;29328;637592;0;0;0;4;728;313;0;59;41;0;0;0
9;0;12;69816;29328;637592;0;0;0;8;1128;569;2;98;0;0;0;0
5;0;12;71652;29328;637596;0;0;0;0;1324;662;0;100;0;0;0;0
0;0;12;74580;29336;637600;0;0;0;28;1026;496;0;72;28;0;0;0
2;0;12;73936;29336;637604;0;0;0;0;712;166;1;48;51;0;0;0
0;0;12;74356;29336;637604;0;0;0;0;707;225;0;46;54;0;0;0
1;0;12;73932;29336;637604;0;0;0;16;463;207;0;23;77;0;0;0
0;0;12;74576;29336;637604;0;0;0;0;896;299;1;59;40;0;0;0
3;0;12;71680;29344;637608;0;0;0;32;676;216;0;38;62;0;0;0
1;0;12;73916;29344;637608;0;0;0;0;970;385;1;69;30;0;0;0
3;0;12;72780;29344;637608;0;0;0;0;1337;476;0;95;5;0;0;0
0;0;12;74088;29344;637608;0;0;0;8;734;269;0;43;57;0;0;0
0;0;12;74588;29344;637612;0;0;0;4;1002;360;0;65;35;0;0;0
1;0;12;74100;29352;637612;0;0;0;48;765;205;1;43;56;0;0;0
2;0;12;73876;29352;637612;0;0;0;0;1091;367;0;73;28;0;0;0
2;0;12;73132;29352;637612;0;0;0;0;958;427;0;60;40;0;0;0
1;0;12;73872;29352;637616;0;0;0;0;1032;435;1;66;33;0;0;0
0;0;12;74580;29352;637616;0;0;0;12;583;231;0;30;70;0;0;0
1;0;12;73640;29360;637608;0;0;0;32;920;228;0;59;41;0;0;0
0;0;12;74536;29360;637620;0;0;0;0;742;198;0;43;57;0;0;0
1;0;12;74116;29360;637620;0;0;0;0;973;316;1;62;37;0;0;0
2;0;12;74052;29360;637620;0;0;0;0;763;221;0;44;56;0;0;0
1;0;12;74116;29360;637620;0;0;0;8;1317;504;0;91;9;0;0;0
2;0;12;73892;29360;637624;0;0;0;0;1281;490;0;88;12;0;0;0
0;0;12;74524;29368;637624;0;0;0;32;677;181;1;38;61;0;0;0
0;0;12;74524;29368;637624;0;0;0;0;488;152;0;25;75;0;0;0
1;0;12;73432;29368;637624;0;0;0;0;1214;385;0;84;16;0;0;0
0;0;12;74272;29368;637628;0;0;0;12;528;199;1;25;74;0;0;0
1;0;12;73204;29368;637628;0;0;0;0;432;166;0;22;78;0;0;0
1;0;12;74092;29376;637628;0;0;0;28;827;228;0;49;51;0;0;0
0;0;12;74508;29376;637632;0;0;0;4;919;206;0;55;45;0;0;0
2;0;12;72488;29376;637632;0;0;0;0;828;184;0;51;49;0;0;0
2;0;12;72968;29376;637632;0;0;0;8;669;177;0;38;63;0;0;0
0;0;12;74260;29376;637632;0;0;0;0;677;193;1;39;60;0;0;0
1;0;12;74496;29384;637636;0;0;0;28;501;176;0;26;74;0;0;0
0;0;12;74496;29384;637636;0;0;0;0;845;241;0;51;49;0;0;0
2;0;12;73936;29384;637636;0;0;0;4;1062;258;1;66;33;0;0;0
1;0;12;73820;29384;637636;0;0;0;8;1047;367;0;68;32;0;0;0
0;0;12;74488;29384;637640;0;0;0;0;804;209;0;48;52;0;0;0
0;0;12;74456;29392;637632;0;0;0;28;297;150;0;13;87;0;0;0
1;0;12;73116;29392;637640;0;0;0;0;855;174;1;51;48;0;0;0
4;0;12;72908;29392;637644;0;0;0;0;1404;452;0;100;0;0;0;0
3;0;12;73048;29392;637648;0;0;0;20;1250;558;0;91;9;0;0;0
0;0;12;74476;29392;637648;0;0;0;0;1083;389;0;75;25;0;0;0
4;0;12;72840;29400;637640;0;0;0;28;783;360;0;46;54;0;0;0
0;0;12;74212;29400;637652;0;0;0;0;518;246;0;27;73;0;0;0
0;0;12;74432;29400;637652;0;0;0;0;1176;466;1;80;19;0;0;0
0;0;12;74464;29400;637652;0;0;0;0;864;223;0;52;48;0;0;0
2;0;12;73136;29400;637652;0;0;0;12;577;221;0;32;68;0;0;0
2;0;12;72944;29408;637656;0;0;0;28;658;227;1;34;65;0;0;0
0;0;12;74452;29408;637656;0;0;0;0;1109;485;0;76;24;0;0;0
6;0;12;71596;29408;637656;0;0;0;0;1118;386;1;74;25;0;0;0
4;0;12;72460;29408;637656;0;0;0;0;1352;669;0;100;0;0;0;0
2;0;12;73032;29408;637660;0;0;0;0;1346;648;1;99;0;0;0;0
0;0;12;74196;29416;637660;0;0;0;48;552;213;0;28;72;0;0;0
0;0;12;74220;29416;637660;0;0;0;0;451;150;0;23;77;0;0;0
2;0;12;73752;29416;637664;0;0;0;0;977;220;0;60;40;0;0;0
1;0;12;73796;29416;637664;0;0;0;0;874;281;0;55;45;0;0;0
0;0;12;74468;29416;637664;0;0;0;0;664;179;0;37;63;0;0;0
2;0;12;72728;29416;637668;0;0;0;8;968;232;0;60;40;0;0;0
0;0;12;74452;29424;637672;0;0;0;32;548;264;1;27;71;0;0;0
2;0;12;73832;29424;637672;0;0;0;0;534;261;0;27;73;0;0;0
0;0;12;74420;29424;637672;0;0;0;0;776;199;0;45;55;0;0;0
0;0;12;73916;29424;637672;0;0;0;0;142;168;1;3;96;0;0;0
0;0;12;74416;29424;637676;0;0;0;12;670;197;0;37;63;0;0;0
1;0;12;73732;29432;637668;0;0;0;28;945;211;0;59;41;0;0;0
2;0;12;72492;29432;637676;0;0;0;4;674;253;0;36;64;0;0;0
2;0;12;73308;29432;637680;0;0;0;0;1005;343;0;65;35;0;0;0
0;0;12;74436;29432;637680;0;0;0;0;1074;473;1;73;26;0;0;0
0;0;12;74404;29432;637680;0;0;0;8;693;223;0;38;62;0;0;0
0;0;12;74424;29440;637684;0;0;0;28;468;159;0;24;76;0;0;0
3;0;12;73216;29440;637684;0;0;0;0;757;315;0;43;57;0;0;0
0;0;12;74424;29440;637684;0;0;0;4;1129;400;1;79;20;0;0;0
0;0;12;74172;29440;637684;0;0;0;0;866;235;0;52;48;0;0;0
0;0;12;74140;29440;637688;0;0;0;12;461;142;0;23;77;0;0;0
1;0;12;73420;29448;637680;0;0;0;28;942;368;1;56;43;0;0;0
2;0;12;72872;29448;637688;0;0;0;0;536;191;0;28;72;0;0;0
1;0;12;73404;29448;637692;0;0;0;0;1101;317;0;72;28;0;0;0
1;0;12;73960;29448;637692;0;0;0;4;984;245;1;59;40;0;0;0
0;0;12;74380;29448;637692;0;0;0;8;1271;390;0;86;14;0;0;0
2;0;12;73168;29456;637692;0;0;0;48;1088;387;0;73;27;0;0;0
0;0;12;74364;29456;637696;0;0;0;0;955;274;1;57;41;0;0;0
0;0;12;74396;29456;637696;0;0;0;0;1218;486;0;81;19;0;0;0
4;0;12;72000;29456;637696;0;0;0;0;995;326;0;63;37;0;0;0
1;0;12;73468;29456;637696;0;0;0;4;928;439;0;59;41;0;0;0
3;0;12;72560;29464;637700;0;0;0;40;730;252;0;45;55;0;0;0
1;0;12;73484;29464;637700;0;0;0;0;1022;264;0;65;35;0;0;0
1;0;12;73396;29464;637700;0;0;0;0;985;246;1;59;40;0;0;0
1;0;12;73252;29464;637704;0;0;0;0;381;161;0;18;82;0;0;0
0;0;12;74344;29464;637708;0;0;0;0;1230;427;0;88;12;0;0;0
0;0;12;74336;29472;637700;0;0;0;44;886;215;1;56;43;0;0;0
3;0;12;73688;29472;637708;0;0;0;0;806;363;0;52;48;0;0;0
5;0;12;71780;29472;637712;0;0;0;0;1133;496;0;81;19;0;0;0
0;0;12;74080;29472;637712;0;0;0;0;1068;464;0;84;16;0;0;0
4;0;12;70880;29472;637712;0;0;0;0;875;326;0;55;45;0;0;0
3;0;12;73452;29480;637712;0;0;0;16;1035;309;1;67;32;0;0;0
3;0;12;72504;29480;637712;0;0;0;12;1378;589;0;100;0;0;0;0
2;0;12;72084;29480;637716;0;0;0;0;1117;435;0;72;28;0;0;0
1;0;12;74068;29480;637716;0;0;0;0;750;384;0;47;53;0;0;0
2;0;12;73896;29480;637716;0;0;0;0;616;187;0;33;67;0;0;0
0;0;12;74064;29480;637720;0;0;0;0;358;162;0;16;84;0;0;0
0;0;12;74276;29488;637712;0;0;0;40;694;229;1;37;62;0;0;0
0;0;12;74092;29488;637720;0;0;0;4;846;315;0;52;48;0;0;0
3;0;12;72652;29488;637724;0;0;0;0;869;345;0;54;46;0;0;0
1;0;12;73440;29488;637724;0;0;0;0;878;335;0;53;47;0;0;0
0;0;12;74084;29488;637724;0;0;0;0;414;180;0;19;81;0;0;0
1;0;12;73336;29496;637728;0;0;0;36;561;172;0;29;71;0;0;0
0;0;12;74292;29496;637728;0;0;0;0;767;281;0;45;55;0;0;0
0;0;12;74044;29496;637728;0;0;0;4;1202;372;1;82;17;0;0;0
1;0;12;73652;29496;637728;0;0;0;0;1258;488;0;86;14;0;0;0
5;0;12;72072;29496;637728;0;0;0;0;1230;426;0;86;14;0;0;0
3;0;12;72764;29504;637732;0;0;0;40;1334;572;0;96;4;0;0;0
0;0;12;74312;29504;637732;0;0;0;0;1154;511;0;82;18;0;0;0
2;0;12;72704;29504;637732;0;0;0;0;782;289;1;46;53;0;0;0
1;0;12;73828;29504;637736;0;0;0;4;939;258;0;60;40;0;0;0
1;0;12;74112;29504;637736;0;0;0;0;656;184;0;37;63;0;0;0
0;0;12;74296;29512;637740;0;0;0;36;612;221;0;33;67;0;0;0
0;0;12;74256;29512;637744;0;0;0;0;661;266;0;37;63;0;0;0
1;0;12;73360;29512;637744;0;0;0;0;604;179;0;31;69;0;0;0
0;0;12;74260;29512;637744;0;0;0;0;370;150;1;18;81;0;0;0
0;0;12;74260;29512;637744;0;0;0;4;865;298;0;52;48;0;0;0
2;0;12;72808;29520;637748;0;0;0;32;899;232;0;55;45;0;0;0
2;0;12;73576;29520;637748;0;0;0;12;832;189;1;48;51;0;0;0
0;0;12;74000;29520;637748;0;0;0;0;968;362;0;61;39;0;0;0
3;0;12;72728;29520;637748;0;0;0;0;905;262;0;55;45;0;0;0
0;0;12;74276;29520;637752;0;0;0;0;737;260;0;44;56;0;0;0
0;0;12;73772;29528;637752;0;0;0;32;513;199;0;25;75;0;0;0
1;0;12;73372;29528;637752;0;0;0;8;434;145;1;20;79;0;0;0
2;0;12;72692;29528;637756;0;0;0;0;711;174;0;39;61;0;0;0
1;0;12;73784;29528;637756;0;0;0;0;942;219;0;60;40;0;0;0
1;0;12;73980;29528;637756;0;0;0;0;421;176;0;19;81;0;0;0
1;0;12;73532;29528;637756;0;0;0;0;532;174;1;27;71;0;0;0
0;0;12;74220;29536;637760;0;0;0;40;837;329;0;49;51;0;0;0
1;0;12;72848;29536;637760;0;0;0;0;562;209;1;29;70;0;0;0
1;0;12;73708;29536;637760;0;0;0;0;676;174;0;38;62;0;0;0
1;0;12;73764;29536;637760;0;0;0;0;895;211;0;55;45;0;0;0
0;0;12;74216;29536;637764;0;0;0;0;924;224;0;57;43;0;0;0
0;0;12;73992;29544;637764;0;0;0;40;861;359;0;51;49;0;0;0
0;0;12;74240;29544;637768;0;0;0;8;654;272;1;37;62;0;0;0
2;0;12;73868;29544;637772;0;0;0;0;821;340;0;49;51;0;0;0
0;0;12;73712;29544;637772;0;0;0;0;520;227;0;26;74;0;0;0
1;0;12;73272;29544;637772;0;0;0;0;399;189;1;17;82;0;0;0
2;0;12;73100;29552;637772;0;0;0;36;788;177;0;46;54;0;0;0
0;0;12;72968;29552;637776;0;0;0;0;1038;250;0;65;35;0;0;0
1;0;12;72848;29552;637776;0;0;0;4;1033;352;0;65;35;0;0;0
3;0;12;72640;29552;637776;0;0;0;0;1176;480;0;83;17;0;0;0
0;0;12;74180;29552;637780;0;0;0;0;1322;623;1;92;6;0;0;0
0;0;12;73956;29560;637780;0;0;0;32;837;205;0;53;47;0;0;0
0;0;12;74176;29560;637780;0;0;0;12;651;255;0;36;64;0;0;0
0;0;12;74176;29560;637780;0;0;0;0;674;266;0;38;63;0;0;0
0;0;12;74204;29560;637784;0;0;0;4;686;278;1;37;62;0;0;0
2;0;12;72692;29560;637784;0;0;0;0;559;203;0;28;72;0;0;0
0;0;12;74164;29568;637784;0;0;0;28;956;290;0;60;40;0;0;0
0;0;12;74164;29568;637784;0;0;0;8;853;209;0;51;49;0;0;0
2;0;12;72932;29568;637788;0;0;0;0;878;324;0;52;48;0;0;0
0;0;12;74160;29568;637788;0;0;0;0;812;275;0;49;51;0;0;0
0;0;12;73912;29568;637788;0;0;0;4;665;305;1;37;62;0;0;0
2;0;12;72384;29576;637788;0;0;0;28;867;239;0;51;49;0;0;0
0;0;12;74148;29576;637792;0;0;0;12;999;289;0;65;35;0;0;0
0;0;12;73896;29576;637792;0;0;0;0;499;202;0;25;75;0;0;0
0;0;12;74180;29576;637792;0;0;0;0;643;185;1;35;64;0;0;0
2;0;12;73048;29576;637796;0;0;0;0;725;323;0;40;60;0;0;0
2;0;12;72372;29584;637796;0;0;0;32;974;213;0;63;37;0;0;0
2;0;12;73776;29584;637796;0;0;0;8;1394;544;1;99;0;0;0;0
2;0;12;72372;29584;637800;0;0;0;0;590;226;0;32;68;0;0;0
0;0;12;74132;29584;637800;0;0;0;0;880;323;0;55;45;0;0;0
4;0;12;71768;29584;637800;0;0;0;0;772;255;0;43;57;0;0;0
0;0;12;74132;29584;637800;0;0;0;0;908;431;0;57;43;0;0;0
0;0;12;73868;29592;637804;0;0;0;32;662;214;0;36;64;0;0;0
1;0;12;73220;29592;637804;0;0;0;12;927;322;1;56;43;0;0;0
2;0;12;73180;29592;637804;0;0;0;0;1109;362;0;72;28;0;0;0
0;0;12;74120;29592;637804;0;0;0;0;639;248;0;37;63;0;0;0
0;0;12;73396;29600;637812;0;0;0;28;984;389;1;63;35;0;0;0
3;0;12;73296;29600;637812;0;0;0;0;885;269;0;55;45;0;0;0
0;0;12;74136;29600;637812;0;0;0;12;1143;326;0;78;22;0;0;0
0;0;12;73600;29600;637816;0;0;0;0;648;283;0;36;64;0;0;0
2;0;12;72112;29600;637816;0;0;0;0;612;156;0;34;66;0;0;0
0;0;12;74100;29600;637816;0;0;0;0;863;257;1;52;47;0;0;0
0;0;12;73844;29608;637816;0;0;0;44;1024;310;0;65;35;0;0;0
2;0;12;72968;29608;637820;0;0;0;12;947;338;0;59;41;0;0;0
1;0;12;73636;29608;637820;0;0;0;4;1155;359;0;78;22;0;0;0
1;0;12;73192;29608;637820;0;0;0;0;1178;426;0;79;21;0;0;0
3;0;12;72948;29608;637820;0;0;0;0;1359;472;0;100;0;0;0;0
1;0;12;73564;29616;637824;0;0;0;28;934;316;0;58;42;0;0;0
0;0;12;74076;29616;637824;0;0;0;8;799;203;1;46;53;0;0;0
0;0;12;74076;29616;637824;0;0;0;0;662;188;0;37;63;0;0;0
1;0;12;72948;29616;637828;0;0;0;4;569;194;0;29;71;0;0;0
2;0;12;72364;29616;637832;0;0;0;0;942;299;0;58;42;0;0;0
3;0;12;72020;29624;637832;0;0;0;32;1081;379;0;70;30;0;0;0
2;0;12;73388;29624;637832;0;0;0;4;1310;590;0;96;4;0;0;0
3;0;12;71956;29624;637836;0;0;0;4;1338;491;0;96;4;0;0;0
0;0;12;74060;29624;637836;0;0;0;0;939;298;0;61;39;0;0;0
0;0;12;74088;29624;637836;0;0;0;8;862;264;1;52;47;0;0;0
0;0;12;73548;29632;637840;0;0;0;28;506;189;0;26;74;0;0;0
0;0;12;74044;29632;637840;0;0;0;0;1040;395;0;67;33;0;0;0
1;0;12;73400;29632;637840;0;0;0;12;957;304;1;59;40;0;0;0
1;0;12;73596;29632;637840;0;0;0;0;484;189;0;24;76;0;0;0
2;0;12;72308;29632;637844;0;0;0;0;938;221;0;57;43;0;0;0
0;0;12;73784;29640;637844;0;0;0;32;891;314;0;54;46;0;0;0
1;0;12;73108;29640;637844;0;0;0;0;723;208;0;41;59;0;0;0
1;0;12;73164;29640;637844;0;0;0;8;961;245;0;60;40;0;0;0
0;0;12;74060;29640;637848;0;0;0;0;333;175;0;14;86;0;0;0
0;0;12;72612;29640;637848;0;0;0;0;528;226;1;26;73;0;0;0
0;0;12;74020;29648;637848;0;0;0;28;683;192;0;38;63;0;0;0
0;0;12;72516;29648;637852;0;0;0;4;532;206;0;26;74;0;0;0
1;0;12;73568;29648;637852;0;0;0;12;760;276;0;41;59;0;0;0
2;0;12;72700;29648;637852;0;0;0;0;569;198;0;30;70;0;0;0
2;0;12;72500;29648;637852;0;0;0;0;890;194;0;54;46;0;0;0
0;0;12;72448;29656;637856;0;0;0;28;840;270;1;51;48;0;0;0
0;0;12;74036;29656;637856;0;0;0;0;845;316;0;50;50;0;0;0
2;0;12;72240;29656;637856;0;0;0;12;683;260;0;37;63;0;0;0
1;0;12;72632;29656;637856;0;0;0;0;587;179;0;31;69;0;0;0
3;0;12;72808;29656;637860;0;0;0;0;755;177;0;43;57;0;0;0
2;0;12;72696;29664;637852;0;0;0;48;1332;446;0;90;10;0;0;0
4;0;12;72072;29664;637860;0;0;0;0;1334;510;1;99;0;0;0;0
2;0;12;72884;29664;637860;0;0;0;0;1113;413;0;82;18;0;0;0
0;0;12;73988;29664;637864;0;0;0;16;558;231;0;31;69;0;0;0
0;0;12;74020;29664;637864;0;0;0;0;823;351;0;52;48;0;0;0
3;0;12;73012;29672;637856;0;0;0;28;868;321;0;54;46;0;0;0
1;0;12;72792;29672;637868;0;0;0;0;547;228;1;31;68;0;0;0
1;0;12;72660;29672;637868;0;0;0;0;848;261;0;53;47;0;0;0
1;0;12;73012;29672;637868;0;0;0;8;1079;266;0;70;30;0;0;0
3;0;12;73252;29672;637868;0;0;0;4;775;199;0;44;56;0;0;0
1;0;12;72632;29672;637872;0;0;0;0;663;195;0;38;63;0;0;0
4;0;12;71764;29680;637872;0;0;0;28;1180;327;0;80;20;0;0;0
0;0;12;73964;29680;637872;0;0;0;0;1214;441;0;82;18;0;0;0
0;0;12;73712;29680;637876;0;0;0;12;1017;405;0;64;36;0;0;0
0;0;12;73744;29680;637876;0;0;0;0;656;181;0;37;63;0;0;0
0;0;12;73456;29680;637876;0;0;0;4;474;226;0;23;77;0;0;0
1;0;12;73532;29688;637876;0;0;0;28;861;276;1;51;48;0;0;0
2;0;12;72728;29688;637880;0;0;0;0;716;175;0;40;60;0;0;0
1;0;12;72860;29688;637880;0;0;0;0;794;213;0;45;55;0;0;0
1;0;12;73052;29688;637880;0;0;0;8;1213;417;0;82;18;0;0;0
2;0;12;73064;29688;637880;0;0;0;0;858;225;0;53;47;0;0;0
2;0;12;71876;29696;637888;0;0;0;32;683;259;1;39;60;0;0;0
2;0;12;72160;29696;637888;0;0;0;0;1195;289;0;81;19;0;0;0
2;0;12;73576;29696;637892;0;0;0;0;971;325;1;62;37;0;0;0
0;0;12;73672;29696;637896;0;0;0;12;527;183;0;27;73;0;0;0
0;0;12;73924;29696;637896;0;0;0;0;842;254;0;49;51;0;0;0
1;0;12;73468;29704;637896;0;0;0;28;927;283;0;57;43;0;0;0
1;0;12;73048;29704;637896;0;0;0;8;763;224;0;44;56;0;0;0
0;0;12;73944;29704;637900;0;0;0;0;669;225;0;37;63;0;0;0
0;0;12;73436;29704;637900;0;0;0;0;301;135;0;12;88;0;0;0
3;0;12;72372;29704;637900;0;0;0;8;1183;460;1;79;20;0;0;0
0;0;12;73936;29712;637904;0;0;0;28;1382;411;0;96;4;0;0;0
1;0;12;73224;29712;637904;0;0;0;0;791;301;0;49;51;0;0;0
2;0;12;72776;29712;637904;0;0;0;4;937;232;0;56;44;0;0;0
0;0;12;73428;29712;637904;0;0;0;0;422;150;0;23;77;0;0;0
1;0;12;73428;29712;637904;0;0;0;8;37;68;0;0;100;0;0;0
0;0;12;73176;29720;637904;0;0;0;28;48;81;1;0;99;0;0;0
0;0;12;73176;29720;637904;0;0;0;0;38;66;0;1;99;0;0;0
0;0;12;73176;29720;637904;0;0;0;0;38;62;0;0;100;0;0;0
0;0;12;73176;29720;637904;0;0;0;4;40;65;0;0;100;0;0;0
0;0;12;72936;29720;637904;0;0;0;0;56;85;0;1;99;0;0;0
0;0;12;72936;29720;637904;0;0;0;0;42;70;0;0;100;0;0;0
0;0;12;72936;29728;637904;0;0;0;12;46;80;0;1;99;0;0;0
0;0;12;72936;29728;637904;0;0;0;0;36;67;0;0;100;0;0;0
0;0;12;72936;29728;637904;0;0;0;0;37;65;0;0;100;0;0;0
0;0;12;72936;29728;637904;0;0;0;4;41;63;0;0;100;0;0;0
0;0;12;72936;29728;637904;0;0;0;0;49;78;0;1;99;0;0;0
0;0;12;72936;29728;637904;0;0;0;0;47;83;0;0;100;0;0;0
1;0;12;72936;29736;637904;0;0;0;16;45;73;0;1;99;0;0;0
0;0;12;72936;29736;637904;0;0;0;0;32;59;0;0;100;0;0;0
0;0;12;72936;29736;637904;0;0;0;0;41;62;0;0;100;0;0;0
0;0;12;72936;29736;637904;0;0;0;4;39;68;0;0;100;0;0;0
0;0;12;72936;29736;637904;0;0;0;0;39;66;0;0;100;0;0;0
0;0;12;72936;29736;637904;0;0;0;0;34;65;0;1;99;0;0;0
0;0;12;72936;29744;637904;0;0;0;12;41;68;0;0;100;0;0;0
0;0;12;72936;29744;637904;0;0;0;0;33;62;0;0;100;0;0;0
0;0;12;72936;29744;637904;0;0;0;0;40;72;0;0;100;0;0;0
0;0;12;72936;29744;637904;0;0;0;4;37;62;0;0;100;0;0;0
0;0;12;72936;29744;637904;0;0;0;0;39;65;0;1;99;0;0;0
0;0;12;72936;29744;637904;0;0;0;0;40;67;0;0;100;0;0;0
0;0;12;72936;29752;637904;0;0;0;12;40;69;0;0;100;0;0;0
0;0;12;72936;29752;637904;0;0;0;0;49;78;0;1;99;0;0;0
0;0;12;72936;29752;637904;0;0;0;0;31;58;0;0;100;0;0;0
0;0;12;72936;29752;637904;0;0;0;4;56;88;0;1;99;0;0;0
0;0;12;72936;29752;637904;0;0;0;0;39;70;0;0;100;0;0;0
0;0;12;72936;29752;637904;0;0;0;0;38;64;0;0;100;0;0;0
0;0;12;72936;29760;637904;0;0;0;12;35;67;0;0;100;0;0;0
0;0;12;72936;29760;637904;0;0;0;20;51;75;0;1;99;0;0;0
0;0;12;72936;29760;637904;0;0;0;0;33;58;0;0;100;0;0;0
0;0;12;72936;29760;637904;0;0;0;4;45;71;0;0;100;0;0;0
0;0;12;72936;29760;637904;0;0;0;0;47;76;0;1;99;0;0;0
0;0;12;72936;29760;637908;0;0;0;0;45;74;0;0;100;0;0;0
0;0;12;72936;29768;637908;0;0;0;12;34;65;0;1;99;0;0;0
0;0;12;72936;29768;637908;0;0;0;0;40;67;0;0;100;0;0;0
0;0;12;72936;29768;637908;0;0;0;0;28;54;0;0;100;0;0;0
0;0;12;72936;29768;637908;0;0;0;8;50;75;0;0;100;0;0;0
0;0;12;72936;29768;637908;0;0;0;0;44;75;1;0;99;0;0;0
0;0;12;72936;29768;637908;0;0;0;0;50;75;0;1;99;0;0;0
0;0;12;72936;29776;637908;0;0;0;20;36;60;0;0;99;1;0;0
0;0;12;72936;29776;637908;0;0;0;0;43;73;0;1;99;0;0;0
0;0;12;72936;29776;637908;0;0;0;0;31;57;0;0;100;0;0;0
0;0;12;72936;29776;637908;0;0;0;4;58;80;0;1;99;0;0;0
0;0;12;72936;29776;637908;0;0;0;0;30;64;0;0;100;0;0;0
0;0;12;72936;29776;637908;0;0;0;0;41;65;0;0;100;0;0;0
0;0;12;72936;29784;637908;0;0;0;12;38;71;0;0;100;0;0;0
0;0;12;72936;29784;637908;0;0;0;0;41;64;0;0;100;0;0;0
0;0;12;72936;29784;637908;0;0;0;0;34;66;0;0;100;0;0;0
0;0;12;72936;29784;637908;0;0;0;4;49;71;0;1;99;0;0;0
0;0;12;72936;29784;637908;0;0;0;0;35;63;0;0;100;0;0;0
0;0;12;72936;29784;637908;0;0;0;0;38;62;0;0;100;0;0;0
0;0;12;72936;29792;637908;0;0;0;12;33;62;0;1;99;0;0;0
0;0;12;72936;29792;637908;0;0;0;0;45;75;0;0;100;0;0;0
0;0;12;72936;29792;637908;0;0;0;0;35;69;0;0;100;0;0;0
0;0;12;72936;29792;637908;0;0;0;4;45;68;0;0;100;0;0;0
0;0;12;72936;29792;637908;0;0;0;0;34;58;0;0;100;0;0;0
0;0;12;72936;29792;637908;0;0;0;0;43;66;0;1;99;0;0;0
0;0;12;72936;29800;637908;0;0;0;12;34;65;0;0;100;0;0;0
0;0;12;72936;29800;637908;0;0;0;0;41;64;0;0;100;0;0;0
0;0;12;72936;29800;637908;0;0;0;0;39;68;0;0;100;0;0;0
0;0;12;72936;29800;637908;0;0;0;4;52;75;0;1;99;0;0;0
0;0;12;72936;29800;637908;0;0;0;0;51;78;1;1;98;0;0;0
0;0;12;72936;29800;637908;0;0;0;0;48;72;0;0;100;0;0;0
0;0;12;72936;29808;637908;0;0;0;24;38;66;0;0;100;0;0;0
0;0;12;72936;29808;637908;0;0;0;0;48;79;0;1;99;0;0;0
0;0;12;72936;29808;637908;0;0;0;0;33;56;0;0;100;0;0;0
0;0;12;72936;29808;637908;0;0;0;4;41;67;0;0;100;0;0;0
0;0;12;72936;29808;637908;0;0;0;0;41;66;0;0;100;0;0;0
1;0;12;72936;29808;637908;0;0;0;0;46;75;0;0;100;0;0;0
0;0;12;72936;29816;637908;0;0;0;12;45;79;0;1;99;0;0;0
0;0;12;72936;29816;637908;0;0;0;0;41;70;0;0;100;0;0;0
0;0;12;72936;29816;637908;0;0;0;0;47;70;0;0;100;0;0;0
0;0;12;72936;29816;637908;0;0;0;4;45;72;0;1;99;0;0;0
0;0;12;72936;29816;637908;0;0;0;0;45;73;0;0;100;0;0;0
0;0;12;72936;29824;637908;0;0;0;12;41;73;0;0;100;0;0;0
0;0;12;72936;29824;637908;0;0;0;0;47;76;0;1;99;0;0;0
0;0;12;72936;29824;637908;0;0;0;0;39;70;0;0;100;0;0;0
0;0;12;72936;29824;637908;0;0;0;0;45;69;0;0;100;0;0;0
0;0;12;72936;29824;637908;0;0;0;4;43;67;0;0;100;0;0;0
0;0;12;72684;29832;637900;0;0;0;16;48;82;0;1;99;0;0;0
0;0;12;72684;29832;637916;0;0;0;0;37;63;0;0;100;0;0;0
0;0;12;72684;29832;637916;0;0;0;0;46;75;0;0;100;0;0;0
0;0;12;72684;29832;637916;0;0;0;0;43;70;0;1;99;0;0;0
0;0;12;72684;29832;637916;0;0;0;0;40;65;0;0;100;0;0;0
0;0;12;72684;29832;637916;0;0;0;8;49;79;0;0;100;0;0;0
0;0;12;72684;29840;637916;0;0;0;20;42;74;0;1;99;0;0;0
0;0;12;72684;29840;637916;0;0;0;0;34;67;0;0;100;0;0;0
0;0;12;72684;29840;637916;0;0;0;0;42;67;0;0;100;0;0;0
0;0;12;72684;29840;637916;0;0;0;0;34;63;0;1;99;0;0;0
0;0;12;72684;29840;637916;0;0;0;0;41;70;0;0;100;0;0;0
0;0;12;72684;29840;637916;0;0;0;4;39;61;0;0;100;0;0;0
0;0;12;72684;29848;637916;0;0;0;12;65;92;1;1;98;0;0;0
0;0;12;72684;29848;637916;0;0;0;0;39;70;0;0;100;0;0;0
1;0;12;72684;29848;637916;0;0;0;0;41;66;0;1;99;0;0;0
0;0;12;72684;29848;637916;0;0;0;0;34;63;0;0;100;0;0;0
0;0;12;72684;29848;637916;0;0;0;0;39;63;0;0;100;0;0;0
0;0;12;72684;29848;637916;0;0;0;4;38;69;0;0;100;0;0;0
0;0;12;72684;29856;637916;0;0;0;12;52;87;0;1;99;0;0;0
0;0;12;72684;29856;637916;0;0;0;0;45;74;0;0;100;0;0;0
0;0;12;72684;29856;637916;0;0;0;0;43;69;0;1;99;0;0;0
0;0;12;72684;29856;637916;0;0;0;0;36;66;0;0;100;0;0;0
0;0;12;72684;29856;637916;0;0;0;0;39;62;0;0;100;0;0;0
0;0;12;72684;29856;637916;0;0;0;4;49;69;0;1;99;0;0;0
0;0;12;72684;29864;637916;0;0;0;12;47;80;0;0;100;0;0;0
0;0;12;72684;29864;637916;0;0;0;12;40;68;0;0;100;0;0;0
0;0;12;72684;29864;637916;0;0;0;0;44;66;0;1;99;0;0;0
0;0;12;72684;29864;637916;0;0;0;0;33;57;0;0;100;0;0;0
1;0;12;72684;29864;637916;0;0;0;0;40;67;0;0;100;0;0;0
0;0;12;72684;29872;637916;0;0;0;16;46;79;0;1;99;0;0;0
0;0;12;72684;29872;637916;0;0;0;0;39;70;0;0;100;0;0;0
0;0;12;72684;29872;637916;0;0;0;0;35;63;0;0;100;0;0;0
0;0;12;72684;29872;637916;0;0;0;0;34;61;0;0;100;0;0;0
0;0;12;72684;29872;637916;0;0;0;0;38;68;0;0;100;0;0;0
0;0;12;72684;29872;637916;0;0;0;0;34;61;0;1;99;0;0;0
0;0;12;72684;29880;637916;0;0;0;16;55;84;0;0;100;0;0;0
0;0;12;72684;29880;637916;0;0;0;0;33;63;0;0;100;0;0;0
0;0;12;72684;29880;637916;0;0;0;0;43;72;0;0;100;0;0;0
0;0;12;72684;29880;637916;0;0;0;0;34;57;0;1;99;0;0;0
0;0;12;72684;29880;637916;0;0;0;0;41;69;0;0;100;0;0;0
0;0;12;72684;29880;637916;0;0;0;0;33;61;0;0;100;0;0;0
0;0;12;72684;29888;637916;0;0;0;16;61;100;1;1;98;0;0;0
0;0;12;72684;29888;637916;0;0;0;0;35;57;0;0;100;0;0;0
0;0;12;72684;29888;637916;0;0;0;0;47;71;0;0;100;0;0;0
0;0;12;72684;29888;637916;0;0;0;0;33;57;0;1;99;0;0;0
0;0;12;72684;29888;637916;0;0;0;0;41;72;0;0;100;0;0;0
0;0;12;72684;29888;637916;0;0;0;0;34;59;0;0;100;0;0;0
0;0;12;72684;29896;637916;0;0;0;16;56;85;0;1;99;0;0;0
0;0;12;72684;29896;637916;0;0;0;0;31;51;0;0;100;0;0;0
0;0;12;72684;29896;637916;0;0;0;0;56;92;0;0;100;0;0;0
0;0;12;72684;29896;637920;0;0;0;0;32;61;0;0;100;0;0;0
0;0;12;72684;29896;637920;0;0;0;0;39;65;0;1;99;0;0;0
0;0;12;72684;29896;637920;0;0;0;0;35;67;0;0;100;0;0;0
0;0;12;72684;29904;637920;0;0;0;20;57;88;0;0;100;0;0;0
0;0;12;72684;29904;637920;0;0;0;0;29;54;0;0;100;0;0;0
0;0;12;72684;29904;637920;0;0;0;0;37;61;0;1;99;0;0;0
0;0;12;72684;29904;637920;0;0;0;0;33;60;0;0;100;0;0;0
0;0;12;72684;29904;637920;0;0;0;0;42;80;0;0;100;0;0;0
0;0;12;72684;29912;637912;0;0;0;20;38;68;0;0;100;0;0;0
0;0;12;72684;29912;637920;0;0;0;12;53;74;0;1;99;0;0;0
0;0;12;72684;29912;637920;0;0;0;0;35;62;0;0;100;0;0;0
0;0;12;72684;29912;637920;0;0;0;0;43;70;0;0;100;0;0;0
0;0;12;72684;29912;637920;0;0;0;0;36;71;0;0;100;0;0;0
0;0;12;72684;29912;637920;0;0;0;0;47;72;0;1;99;0;0;0
0;0;12;72684;29920;637920;0;0;0;12;37;67;0;0;100;0;0;0
0;0;12;72684;29920;637920;0;0;0;4;53;88;0;0;100;0;0;0
0;0;12;72684;29920;637920;0;0;0;0;35;61;0;1;99;0;0;0
0;0;12;72684;29920;637920;0;0;0;0;42;71;1;0;99;0;0;0
0;0;12;72684;29920;637920;0;0;0;0;39;65;0;0;100;0;0;0
0;0;12;72684;29920;637920;0;0;0;0;42;69;0;1;99;0;0;0
0;0;12;72684;29928;637920;0;0;0;16;31;62;0;0;100;0;0;0
0;0;12;72684;29928;637920;0;0;0;4;65;84;0;1;99;0;0;0
0;0;12;72684;29928;637920;0;0;0;0;33;58;0;0;100;0;0;0
0;0;12;72684;29928;637920;0;0;0;0;42;74;0;0;100;0;0;0
0;0;12;72684;29928;637920;0;0;0;0;41;74;0;0;100;0;0;0
0;0;12;72684;29928;637920;0;0;0;0;35;60;0;1;99;0;0;0
0;0;12;72684;29936;637920;0;0;0;12;36;66;0;0;99;1;0;0
0;0;12;72684;29936;637920;0;0;0;4;41;70;0;0;100;0;0;0
0;0;12;72684;29936;637920;0;0;0;0;34;60;0;0;100;0;0;0
0;0;12;72684;29936;637920;0;0;0;0;49;83;0;0;100;0;0;0
0;0;12;72684;29936;637920;0;0;0;0;44;71;0;1;99;0;0;0
0;0;12;72684;29936;637920;0;0;0;0;30;59;0;0;100;0;0;0
0;0;12;72684;29944;637920;0;0;0;12;46;74;0;1;99;0;0;0
0;0;12;72684;29944;637920;0;0;0;4;52;75;0;0;100;0;0;0
0;0;12;72684;29944;637920;0;0;0;0;40;64;0;0;100;0;0;0
0;0;12;72684;29944;637920;0;0;0;0;37;69;0;1;99;0;0;0
0;0;12;72684;29944;637920;0;0;0;0;40;63;0;0;100;0;0;0
0;0;12;72684;29944;637920;0;0;0;0;30;55;0;0;100;0;0;0
0;0;12;72684;29952;637920;0;0;0;12;40;70;0;0;100;0;0;0
0;0;12;72684;29952;637920;0;0;0;4;47;76;0;1;99;0;0;0
0;0;12;72684;29952;637920;0;0;0;0;38;63;0;0;100;0;0;0
0;0;12;72684;29952;637920;0;0;0;0;37;69;0;0;100;0;0;0
0;0;12;72684;29952;637920;0;0;0;0;40;63;0;0;100;0;0;0
0;0;12;72684;29952;637920;0;0;0;0;37;69;0;0;100;0;0;0
0;0;12;72432;29960;637920;0;0;0;20;47;77;0;1;99;0;0;0
0;0;12;72432;29960;637920;0;0;0;4;44;69;0;0;100;0;0;0
0;0;12;72432;29960;637920;0;0;0;0;40;70;0;0;100;0;0;0
0;0;12;72432;29960;637920;0;0;0;0;34;64;0;0;100;0;0;0
0;0;12;72432;29960;637924;0;0;0;0;42;70;0;0;100;0;0;0
0;0;12;72432;29960;637924;0;0;0;0;33;63;0;1;99;0;0;0
0;0;12;72432;29968;637924;0;0;0;12;43;69;1;1;98;0;0;0
1;0;12;72432;29968;637924;0;0;0;8;69;99;0;0;100;0;0;0
0;0;12;72432;29968;637924;0;0;0;0;37;61;0;1;99;0;0;0
0;0;12;72432;29968;637924;0;0;0;0;40;64;0;0;100;0;0;0
0;0;12;72432;29968;637924;0;0;0;0;44;74;0;1;99;0;0;0
0;0;12;72432;29968;637924;0;0;0;0;33;64;0;0;100;0;0;0
0;0;12;72432;29976;637928;0;0;0;20;47;81;0;0;100;0;0;0
0;0;12;72432;29976;637928;0;0;0;4;40;64;0;0;100;0;0;0
0;0;12;72432;29976;637928;0;0;0;0;47;71;0;1;99;0;0;0
1;0;12;72432;29976;637928;0;0;0;0;47;77;0;0;100;0;0;0
0;0;12;72432;29976;637928;0;0;0;0;48;72;0;1;99;0;0;0
0;0;12;72432;29976;637928;0;0;0;0;35;60;0;0;100;0;0;0
0;0;12;72432;29984;637928;0;0;0;12;45;76;0;0;100;0;0;0
0;0;12;72432;29984;637928;0;0;0;4;50;77;0;0;100;0;0;0
0;0;12;72432;29984;637928;0;0;0;0;86;72;0;1;99;0;0;0
0;0;12;72432;29984;637928;0;0;0;0;97;62;0;0;100;0;0;0
0;0;12;72432;29984;637928;0;0;0;0;51;75;0;0;100;0;0;0
0;0;12;72432;29992;637928;0;0;0;12;44;77;0;0;100;0;0;0
0;0;12;72432;29992;637928;0;0;0;0;37;64;0;0;100;0;0;0
0;0;12;72432;29992;637928;0;0;0;4;52;75;0;1;99;0;0;0
0;0;12;72432;29992;637928;0;0;0;0;39;69;0;0;100;0;0;0
0;0;12;72432;29992;637928;0;0;0;0;35;64;0;0;100;0;0;0
0;0;12;72432;30000;637928;0;0;0;12;42;77;0;0;100;0;0;0
0;0;12;72432;30000;637928;0;0;0;0;49;67;1;1;98;0;0;0
0;0;12;72432;30000;637928;0;0;0;0;37;68;0;0;100;0;0;0
0;0;12;72432;30000;637928;0;0;0;4;60;86;0;1;99;0;0;0
0;0;12;72432;30000;637928;0;0;0;0;30;55;0;0;100;0;0;0
0;0;12;72432;30000;637928;0;0;0;0;41;67;0;0;100;0;0;0
0;0;12;72432;30008;637928;0;0;0;12;40;72;0;0;100;0;0;0
0;0;12;72432;30008;637928;0;0;0;0;41;66;0;0;100;0;0;0
0;0;12;72432;30008;637928;0;0;0;8;34;59;0;0;100;0;0;0
0;0;12;72432;30008;637928;0;0;0;4;56;78;0;1;99;0;0;0
0;0;12;72432;30008;637928;0;0;0;0;30;56;0;0;100;0;0;0
0;0;12;72432;30008;637928;0;0;0;0;161;74;0;0;100;0;0;0
0;0;12;72432;30016;637928;0;0;0;12;106;70;0;0;100;0;0;0
0;0;12;72432;30016;637928;0;0;0;0;42;69;0;1;99;0;0;0
0;0;12;72432;30016;637928;0;0;0;0;70;58;1;0;99;0;0;0
0;0;12;72432;30016;637928;0;0;0;4;49;76;0;0;100;0;0;0
0;0;12;72432;30016;637928;0;0;0;0;34;63;0;0;100;0;0;0
0;0;12;72432;30016;637928;0;0;0;0;53;88;0;0;100;0;0;0
0;0;12;72432;30024;637928;0;0;0;16;118;72;0;1;99;0;0;0
0;0;12;72432;30024;637928;0;0;0;0;43;72;0;0;100;0;0;0
0;0;12;72432;30024;637928;0;0;0;0;32;57;0;0;100;0;0;0
0;0;12;72432;30024;637928;0;0;0;4;56;82;0;1;99;0;0;0
0;0;12;72432;30024;637928;0;0;0;0;28;54;0;0;100;0;0;0
0;0;12;72432;30024;637928;0;0;0;0;47;86;0;0;100;0;0;0
0;0;12;72432;30032;637932;0;0;0;12;35;68;0;0;100;0;0;0
0;0;12;72432;30032;637932;0;0;0;0;41;68;0;0;100;0;0;0
0;0;12;72432;30032;637932;0;0;0;0;33;60;0;0;100;0;0;0
1;0;12;72432;30032;637932;0;0;0;8;64;108;0;1;99;0;0;0
0;0;12;72432;30032;637932;0;0;0;0;34;66;0;0;100;0;0;0
0;0;12;72432;30032;637932;0;0;0;0;43;69;0;1;99;0;0;0
0;0;12;72432;30040;637932;0;0;0;20;31;64;0;0;100;0;0;0
0;0;12;72432;30040;637932;0;0;0;0;43;75;0;0;100;0;0;0
0;0;12;72432;30040;637932;0;0;0;0;39;63;0;0;100;0;0;0
0;0;12;72432;30040;637932;0;0;0;4;44;74;0;0;100;0;0;0
0;0;12;72432;30040;637932;0;0;0;0;49;86;1;0;99;0;0;0
0;0;12;72432;30040;637932;0;0;0;0;41;70;0;1;99;0;0;0
0;0;12;72432;30048;637932;0;0;0;12;36;70;0;0;100;0;0;0
0;0;12;72432;30048;637932;0;0;0;0;38;65;0;0;100;0;0;0
0;0;12;72432;30048;637932;0;0;0;0;36;64;0;0;100;0;0;0
0;0;12;72432;30048;637932;0;0;0;4;72;103;0;2;98;0;0;0
0;0;12;72432;30048;637932;0;0;0;0;31;58;0;0;100;0;0;0
0;0;12;72432;30048;637932;0;0;0;0;43;70;0;0;100;0;0;0
0;0;12;72432;30056;637932;0;0;0;28;44;73;0;0;100;0;0;0
0;0;12;72432;30056;637932;0;0;0;0;43;72;0;0;100;0;0;0
0;0;12;72432;30056;637932;0;0;0;0;30;53;0;0;100;0;0;0
0;0;12;72432;30056;637932;0;0;0;4;46;75;0;0;100;0;0;0
0;0;12;72432;30056;637932;0;0;0;0;36;62;0;1;99;0;0;0
0;0;12;72432;30056;637932;0;0;0;0;42;75;0;0;100;0;0;0
0;0;12;72432;30064;637932;0;0;0;12;40;71;0;0;100;0;0;0
0;0;12;72432;30064;637932;0;0;0;0;31;56;0;0;100;0;0;0
0;0;12;72432;30064;637932;0;0;0;0;44;68;0;1;99;0;0;0
0;0;12;72432;30064;637932;0;0;0;4;45;71;0;0;100;0;0;0
0;0;12;72432;30064;637932;0;0;0;0;39;62;0;0;100;0;0;0
0;0;12;72432;30064;637932;0;0;0;0;32;61;0;0;100;0;0;0
0;0;12;72432;30072;637932;0;0;0;12;43;70;0;1;99;0;0;0
0;0;12;72432;30072;637932;0;0;0;0;31;59;0;0;100;0;0;0
0;0;12;72432;30072;637932;0;0;0;0;44;70;0;0;100;0;0;0
0;0;12;72432;30072;637932;0;0;0;4;40;63;0;0;100;0;0;0
0;0;12;72432;30072;637932;0;0;0;0;39;63;0;0;100;0;0;0
0;0;12;72432;30072;637932;0;0;0;0;36;70;0;0;100;0;0;0
0;0;12;72432;30080;637932;0;0;0;12;43;68;0;1;99;0;0;0
0;0;12;72432;30080;637932;0;0;0;0;39;65;0;0;100;0;0;0
0;0;12;72432;30080;637932;0;0;0;0;44;74;0;1;99;0;0;0
0;0;12;72432;30080;637932;0;0;0;4;56;80;1;0;99;0;0;0
0;0;12;72432;30080;637932;0;0;0;0;40;64;0;1;99;0;0;0
1;0;12;72432;30080;637932;0;0;0;0;33;55;0;0;100;0;0;0
0;0;12;72432;30088;637932;0;0;0;12;51;79;0;1;99;0;0;0
0;0;12;72432;30088;637932;0;0;0;0;39;69;0;0;100;0;0;0
